id,recommendation,block_quote_assessment
MEAT-0117,applied-block-quote-divider,Applied as a short Revelation 12:4 block quote at the tail/dragon hinge. Kept the rest of the citation chain inline because Revelation 17 and Revelation 18 quote blocks are nearby.
MEAT-0118,keep-paragraph-break,Keep paragraph break. No scripture quote is available here; the break cleanly separates setup from arithmetic consequence.
MEAT-0119,keep-paragraph-break,"Keep paragraph break. Isaiah 37:30 / 2 Kings 20:5 are short inline supports, and Daniel 9 quote blocks sit close above and below."
MEAT-0120,keep-paragraph-break,Keep paragraph break. No scripture quote; the break after “So the argument runs backwards” is the natural visual turn.
MEAT-0121,keep-paragraph-break,Keep paragraph break. John 8:44 is already block-quoted immediately above; another block quote would crowd this witness-evaluation passage.
MEAT-0122,keep-paragraph-break,Keep paragraph break. This is a four-term synthesis; block-quoting one proof would over-weight it. A list would be the only broader alternative.
MEAT-0123,keep-paragraph-break,Keep paragraph break. Luke 22:31-32 is already block-quoted immediately after; the James/Genesis/Deuteronomy chain works better inline.
MEAT-0124,keep-paragraph-break,Keep paragraph break. Isaiah 4:1 already carries the visual quote block; this split lands at the interpretive turn.
MEAT-0125,keep-paragraph-break,"Keep paragraph break. Revelation 20:13-14 is already block-quoted just above, and Obadiah 16 is too short to justify another block."
MEAT-0126,keep-paragraph-break,"Keep paragraph break. Numbers 17:8 is a tempting block quote, but the next section already has two block quotes close by; a simple break is less choppy."
MEAT-0127,keep-paragraph-break,"Keep paragraph break. Isaiah 47:9 is already the chapter epigraph/opening block quote, so repeating it as a block here would be too loud."
MEAT-0128,keep-paragraph-break,Keep paragraph break. Revelation 21:2-3 is already block-quoted immediately above; the paragraph split handles the interpretive shift.
MEAT-0129,keep-paragraph-break,Keep paragraph break. Matthew 7:6 is block-quoted just above and Isaiah/Mark blocks follow soon after; another block would crowd the page.
MEAT-0130,keep-paragraph-break,"Keep paragraph break. Proverbs 3:18-20 could be blocked in isolation, but it sits between Song 6 and Revelation 21 quote blocks."
MEAT-0131,keep-paragraph-break,"Keep paragraph break. Deuteronomy 14:8 already supplies the block quote; the candidate paragraph is interpretation, not a new quote moment."
MEAT-0132,keep-paragraph-break,Keep paragraph break. Hebrews 11:1 is already block-quoted just above; the split separates definition from examples.
MEAT-0133,keep-paragraph-break,Keep paragraph break. The paired 1 Corinthians/Revelation quotes need inline comparison; block-quoting one would weaken the pairing.
MEAT-0134,keep-paragraph-break,"Keep paragraph break. 1 Samuel 8 is a possible block candidate, but Matthew 23 and Ezekiel 20 blocks bracket it too tightly."
MEAT-0135,keep-paragraph-break,"Keep paragraph break. This is a compact method roundup, with Hosea already above and Luke 24 block-quoted immediately after."
MEAT-0136,keep-paragraph-break,Keep paragraph break. Mark 11/Luke 17 are important but follow two strong Babylon quote blocks; another block would over-chop the section.
