issue_id,file,start_line,end_line,chars,sentences,lines,excerpt
MEAT-0117,books/symbolic-language/34-the-fall-of-babylon.adoc,68,78,1989,12,11,"The similitude has a third act, and it was in Moses' hand from the beginning. __“Put forth thine hand, and take it by the *tail*. And he put forth his hand, and caught it, and it became a *rod* in his hand”__ (Exodus 4:4). Every word is..."
MEAT-0118,books/symbolic-language/31-the-sabbath.adoc,113,117,1533,5,5,"There is one reckoning in which nothing breaks. If the month itself is built of four sevens — the sabbaths standing on its eighth, fifteenth, twenty-second, and twenty-ninth days, with the renewed-moon day standing outside the sevens as..."
MEAT-0119,books/symbolic-language/35-daniel-unsealed.adoc,67,73,1519,7,7,"The plural ending makes the seven at least double — and a complete cycle of sevens, seven sevens, is the jubilee. Jeremiah's unit was already compared to a year, and a year is itself a complete cycle of time; so the letters give us seven..."
MEAT-0120,books/symbolic-language/32-time-tested-tradition.adoc,42,49,1426,8,8,"When that testimony is put on the stand, weigh what it actually brings. Its witnesses are dated, nearly to a man, *after the fall of the temple*: the Mishnah was compiled around AD 200, the Talmuds centuries later still, and the fixed, c..."
MEAT-0121,books/symbolic-language/32-time-tested-tradition.adoc,35,40,1423,6,6,"He said it to the very leadership whose successors fixed the calendar now defended; He warned His disciples to __“beware of the leaven of the Pharisees”__ — which, Matthew explains, __“is their *doctrine*”__ (Matthew 16:6, 12); Mark reco..."
MEAT-0122,books/symbolic-language/06-knowing-faith-love-and-belief.adoc,205,212,1422,8,8,"The four words converge, then, on one act — and keep four distinct offices. *Love* is not a reason to obey; it is the keeping itself: __“this is the love of God, that we keep his commandments”__ (1 John 5:3). *Faith* keeps them in hope o..."
MEAT-0123,books/symbolic-language/08-the-name.adoc,201,203,1280,3,3,"__“Temptation”__ translates a Greek word that means the _proving_, and James rules out the modern reading in one stroke: __“God cannot be tempted with evil, *neither tempteth he any man*”__ (James 1:13) — yet the same James calls the man..."
MEAT-0124,books/symbolic-language/08-the-name.adoc,261,265,1255,5,5,"To be __“called by thy name”__ is to be sym:sym-marriage[married] — that is the whole request — and the women’s bargain proves it: the law obliges a husband to supply his wife’s __“food, her raiment, and her duty of marriage”__ (Exodus 2..."
MEAT-0125,books/symbolic-language/15-heaven-and-hell.adoc,173,179,1241,6,7,"The grave surrenders its dead; then the grave itself — with death, its rider (Revelation 6:8) — goes into the fire and is destroyed. The text supplies its own label for the fate of the lost, and the label is not __“the second torment.”__..."
MEAT-0126,books/symbolic-language/34-the-fall-of-babylon.adoc,80,86,1232,7,7,"The rod that comes back is not bare wood. Set overnight before the testimony, __“the rod of Aaron for the house of Levi was budded, and brought forth buds, and bloomed blossoms, and yielded *almonds*”__ (Numbers 17:8) — the dead stick al..."
MEAT-0127,books/symbolic-language/37-the-moment.adoc,131,138,1220,8,8,"Return, then, to the queen who claimed she would never be a widow. The moment is not a separate judgment laid on top of Babylon’s fall; it is that judgment’s own timer. The wife of the covenant is warned, pleaded with, given generation a..."
MEAT-0128,books/symbolic-language/15-heaven-and-hell.adoc,64,68,1214,5,5,"The city descends, and the tabernacle — heaven's authority touching earth at one curtained point in the wilderness — becomes the whole order: God dwelling with men, on a renewed earth, under renewed heavens. And __“new”__ is the word thi..."
MEAT-0129,books/symbolic-language/47-the-other-white-meat.adoc,57,64,1190,11,8,"The Hebrew Matthewfootnote:fn46hg[The Hebrew Matthew cited throughout this book is the Shem Tov text, preserved complete in Ibn Shaprut's _Even Bochan_ (c. 1385). The full text, alongside the book's other Hebrew witnesses, is at https://..."
MEAT-0130,books/symbolic-language/30-the-pearl.adoc,141,144,1137,4,4,"Wisdom's poem reads the same way, line by line. __“She is a tree of life to them that lay hold upon her: and blessed is every one that holdeth her fast”__ (3:18) — the holding-verb is _tamak_, the verb of the palms holding the circuit, a..."
MEAT-0131,books/symbolic-language/47-the-other-white-meat.adoc,26,31,1136,7,6,"Moses' _because_ is the definition: the visible sign is not merely insufficient — worn without the substance, it is the ground of the indictment. The swine appears to walk the walk — the hoof is the look of obedience, not the life of it..."
MEAT-0132,books/symbolic-language/06-knowing-faith-love-and-belief.adoc,181,186,1130,6,6,"Evidence is a thing produced and examined — faith is the *seen* member of the pair, and the unseen is proved by it. Scripture keeps the pattern consistently: hope's object is unseen by definition — __“hope that is *seen* is not hope… but..."
MEAT-0133,books/symbolic-language/37-the-moment.adoc,112,116,1127,5,5,"What changes hands in that moment is not what the devil was holding. The trumpet that raises the dead __“*in a moment*, in the twinkling of an eye, at the *last trump*”__ (1 Corinthians 15:52) is the seventh, at which __“The kingdoms of..."
MEAT-0134,books/symbolic-language/17-justice-and-judgment.adoc,113,118,1107,6,6,"English has drifted on this word in one more direction, and testing it recovers a whole office. To the modern ear a judge only sentences; in Scripture, to judge is to _rule_. The book of Judges is not a book of magistrates: __“the LORD r..."
MEAT-0135,books/symbolic-language/03-signs-and-similitudes.adoc,125,129,1095,5,5,"The New Testament ratifies the method instance after instance, in so many words. The manna was a similitude of __“the true sym:sym-bread[bread] from heaven”__ (John 6:32) — and the feeding of the five thousand that opens that discourse i..."
MEAT-0136,books/symbolic-language/34-the-fall-of-babylon.adoc,144,149,1092,6,6,"Jesus put this very sign into His disciples' mouths, twice. __“Whosoever shall *say unto this mountain*, Be thou removed, and be thou *cast into the sea*; and shall not doubt in his heart… he shall have whatsoever he saith”__ (Mark 11:23..."
,books/symbolic-language/25-spoken-once-heard-twice.adoc,96,101,1078,6,6,"The woman herself is spoken once and heard at every depth. In the garden she is Eve; but Scripture will not leave her one woman. Isaiah watches the same mother travail: __“before her pain came, she was delivered of a *man child*… for as..."
,books/symbolic-language/04-sign-of-jonah.adoc,118,124,1075,5,7,"Jonah confesses his identity plainly: __“I am an Hebrew; and I sym:sym-fear[fear] the LORD, the God of heaven, which hath made the sym:sym-sea[sea] and the dry land”__ (Jonah 1:9) — and at the confession his judges grow frightened: __“Th..."
,books/symbolic-language/17-justice-and-judgment.adoc,108,111,1061,4,4,"Isaiah had said the Messiah would come for precisely this, in parallel columns that seal the word’s meaning: __“he shall bring forth *judgment* to the Gentiles… till he have set *judgment* in the earth: and the sym:sym-island[isles] shal..."
,books/symbolic-language/14-the-remnant.adoc,118,124,1058,7,7,"The land itself sets the upper bound. Those in the first resurrection are bodily kings and priests who reign with Christ a thousand years (Revelation 20:4-6) — on the promised land, whose borders were drawn in advance (Genesis 15:18) and..."
,books/symbolic-language/14-the-remnant.adoc,261,264,1054,3,4,"One line of evidence has been on the map the whole time. The covenant is not an abstraction; it is a deed of real estate with drawn borders — __“Unto thy seed have I given this land, from the river of Egypt unto the great river, the rive..."
,books/symbolic-language/03-signs-and-similitudes.adoc,87,92,1051,6,6,"Moses himself gives the tests of a valid sign, and there are two. The first is fulfillment: __“if the thing follow not, nor come to pass, that is the thing which the LORD hath not spoken”__ (Deuteronomy 18:21-22) — a sign that fails is n..."
,books/symbolic-language/02-the-parables-of-the-kingdom.adoc,264,267,1047,4,4,"Grade the common teaching against that, for this parable is almost always preached inverted: God — or salvation — is the treasure, and we the fortunate finder who gladly gives up everything. Test it: the buyer __“selleth *all* that he ha..."
,books/symbolic-language/11-marriage-and-divorce.adoc,141,146,1037,5,6,"Paul’s judgment runs the opposite direction from Ezra’s: __“if she be pleased to dwell with him, let him *not* put her away… and the unbelieving wife is *sanctified* by the husband”__ (1 Corinthians 7:12, 14). Paul writes the rule in bot..."
,books/symbolic-language/07-the-way-the-truth-and-the-life.adoc,128,130,1035,3,3,"The highway is the covenant road — raised, holy, and safe — and every clause of the promise is built of symbols we can now read. No lion, no ravenous beast: the beast is a defined symbol — a kingdom of the world, __“the fourth sym:sym-be..."
,books/symbolic-language/02-the-parables-of-the-kingdom.adoc,326,330,1022,5,5,"The scene has a second act, and it grades the hearers. The next day the same crowd hunts Him down, and He tells them what they missed: __“Ye seek me, not because ye saw the sym:sym-sign[signs], but because ye did *eat of the loaves*, and..."
,books/symbolic-language/47-the-other-white-meat.adoc,84,87,1021,4,4,"Graves, mountains, swine: the prophecy staged as an exorcism. The mountains are not scenery: a sym:sym-mountain[mountain] is a kingdom, and the herd feeds hard against the kingdoms — the unclean nation grazing on the powers of the age —..."
,books/symbolic-language/15-heaven-and-hell.adoc,41,45,1009,5,5,"The direction of movement between the two domains is the Bible's quiet grammar. God's motion is downward: rain from heaven's treasure (Deuteronomy 28:12), fire on Sodom, the LORD descending on Sinai (Exodus 34:5), the Spirit descending a..."
,books/symbolic-language/01-introduction.adoc,83,86,1006,4,4,"Read the table from the top down and it is a safety record: 3 of every 4 definitions land on, or sharpen, what careful readers have always held — the floor proving this method is no private invention, for scripture compared with scriptur..."
,books/symbolic-language/10-the-coin.adoc,160,166,1006,6,7,"Now the fish gives up its riddle. The redemption sign's third address is the *mouth* — __“that the LORD's law may be in thy mouth”__ — and the seal-texts keep the word there: __“the word is very nigh unto thee, *in thy mouth*, and in thy..."
,books/symbolic-language/47-the-other-white-meat.adoc,131,136,1004,6,6,"Now set Isaiah's swine-eaters beside a phrase of Revelation. Twice the risen Lord speaks of __“them which *say they are Jews, and are not*, but are the *synagogue of Satan*”__ (Revelation 2:9; 3:9) — the assembly that claims the sym:sym-..."
,books/symbolic-language/18-liberty.adoc,116,119,1003,4,4,"Offered the open sky, the servant chooses the house — for sym:sym-love[love], which Scripture defines as keeping the master’s commandments — and mark where and how the choice is sealed: his *ear*, at the *door post*. The ear is the organ..."
,books/symbolic-language/37-the-moment.adoc,106,110,1000,5,5,"Even the devil's temptation borrows the word, and gives away more than he intends by doing so. He takes Jesus __“up into an *exceeding high mountain*”__ (Matthew 4:8) and shows Him __“all the kingdoms of the world *in a moment of time*”_..."
,books/symbolic-language/47-the-other-white-meat.adoc,166,171,990,7,6,"His protest is the measure of the man: __“Ah Lord GOD! behold, my soul hath *not been polluted*: for from my youth up even till now have I not eaten of that which dieth of itself, or is torn in pieces; neither came there *abominable fles..."
,books/symbolic-language/04-sign-of-jonah.adoc,104,110,989,7,7,"Now the storm, with the sea defined. Jonah flees, the LORD hurls a great wind onto the sea, the ship labors — and the prophet is asleep in the sides of the ship (Jonah 1:5). The shipmaster wakes him: __“What meanest thou, O sleeper? aris..."
,books/symbolic-language/06-knowing-faith-love-and-belief.adoc,151,154,986,6,4,"Put the symbols together and the Shepherd says it whole. __“My sym:sym-sheep[sheep] hear my sym:sym-voice[voice]… and they follow me”__ (John 10:27): the sheep are His people, the voice is His words, and to know that voice is to follow i..."
,books/symbolic-language/39-sea-and-waters.adoc,594,598,986,5,5,"God summons them as those who answer to Him: __“Keep silence before me, O sym:sym-island[islands]… let us come near together to judgment”__ (Isaiah 41:1); __“Listen, O sym:sym-island[isles], unto me”__ (Isaiah 49:1). They wait for His la..."
,books/symbolic-language/47-the-other-white-meat.adoc,92,97,986,7,6,The prodigal lived it from the other side. In the far country the younger son __“joined himself to a citizen of that country; and he sent him into his fields to feed swine. And he would fain have filled his belly with the husks that the...
,books/symbolic-language/30-the-pearl.adoc,100,103,976,4,4,"__“She worketh willingly with her palms… her palms hold fast the circuit… She spreadeth out her palm to the poor”__ (31:13, 19, 20). The poem says *palm* — _kaph_ — where it could have said hand, and keeps the two words distinct inside s..."
,books/symbolic-language/34-the-fall-of-babylon.adoc,45,50,965,8,6,"The contest opened, both times, with one prop — a similitude acted out before a word was argued. __“What is that in thine hand? And he said, A rod. And he said, Cast it on the ground. And he cast it on the ground, and it became a *serpen..."
,books/symbolic-language/15-heaven-and-hell.adoc,137,142,955,6,6,"If the fire is God, what does God's own law say His punishments are like? Every principle the law lays down points one direction. Punishment is proportional: __“eye for eye, tooth for tooth”__ (Exodus 21:24) — the penalty is measured by..."
,books/symbolic-language/28-sun-moon-and-stars.adoc,218,221,955,6,4,"Every choice in that rendering is the Hebrew's own.footnote:hebrevinterlinear[The Hebrew Revelation — the Cochin manuscript tradition, _Ele Ha-Sodot_, c. 1700, which also carries the Gospels, James, and Jude — is the second witness this..."
,books/symbolic-language/33-the-four-winds.adoc,113,117,943,5,5,"The four-going-out from the presence is older than the chariots. The Spirit moved on the face of the waters at creation (Genesis 1:2), and the water tells the wind's story: __“a river went out of Eden to water the garden; and from thence..."
,books/symbolic-language/28-sun-moon-and-stars.adoc,120,123,935,4,4,"Scripture has already named the *good gift* the Father of lights sends down from above. On the fourth day, __“God *gave* them in the firmament of the heaven”__ — the verb is _natan_, *to give*, under the King James’ __“set”__footnote:gen..."
,books/symbolic-language/03-signs-and-similitudes.adoc,115,119,933,5,5,"The interpretation is handed down in the same breath as the command. His children were message-named like Isaiah’s: _Lo-ruhamah_, Not-pitied; _Lo-ammi_, Not-my-people (Hosea 1:6, 9). And when the wife was lost to her adulteries, the comm..."
,books/symbolic-language/15-heaven-and-hell.adoc,113,117,925,5,5,The verse does not say God *uses* fire; it says God *is* fire — and the New Testament repeats it without softening: __“for our God is a consuming fire”__ (Hebrews 12:29). The unquenchable fire cannot be quenched for the same reason God c...
,books/symbolic-language/02-the-parables-of-the-kingdom.adoc,118,122,923,5,5,"Even the stony ground was on record, for the heart God promises to replace is __“the *stony* heart”__ (Ezekiel 36:26). And why is the exchange a heart of *flesh* for a heart of *stone*? Because flesh is ground: _adam_ was formed __“of th..."
,books/symbolic-language/19-the-fool-and-the-wise.adoc,83,87,923,5,5,"The Hebrew Matthew names the two natures outright: five were _lazy fools_, and five _diligent and wise_ — laziness is precisely the fool's disease, hearing without rising to do. They are not careless about a detail; they are foolish _wom..."
,books/symbolic-language/14-the-remnant.adoc,253,256,920,4,4,"Josephus preserves the only headcount of any sect of that age: the Pharisees — the most visibly religious men in Israel, broad phylacteries and all — numbered __“about six thousand”__ out of a Jewish population of perhaps a million: bare..."
,books/symbolic-language/02-the-parables-of-the-kingdom.adoc,319,322,912,4,4,"Five loaves: the five books of the Law, the sym:sym-bread[bread] of the word — and sym:sym-barley[barley], the humble firstfruits grain Scripture itself pins to Israel: when the barley loaf tumbled into Midian’s camp, the watchman decode..."
,books/symbolic-language/27-behold-the-hand.adoc,18,22,908,5,5,"This is not conjecture; the names are Bible words. _Vav_ means hook or peg, and Scripture spends the word exactly thirteen times — every one of them a hook of the tabernacle: __“their *hooks* shall be of gold”__ (Exodus 26:32), the pegs..."
,books/symbolic-language/15-heaven-and-hell.adoc,126,132,907,7,7,"This is why Scripture never once describes salvation as escape *from* the fire, but as passage *through* it. __“He himself shall be saved; yet so as *by fire*”__ (1 Corinthians 3:15). __“We went *through fire and through water*: but thou..."
,books/symbolic-language/15-heaven-and-hell.adoc,153,160,895,8,8,The doctrine of endless torment survives on a single hidden premise: that the soul cannot die — that God *must* keep the wicked in existence because souls are indestructible. Scripture denies the premise in plain words. Adam did not rece...
,books/symbolic-language/44-jacob-israel-and-ephraim.adoc,179,182,895,4,4,"The two sticks have a second portrait, painted in the same orchard. The olive-tree name was given jointly — __“The LORD called thy name, A green sym:sym-olive[olive] tree, fair, and of goodly sym:sym-fruit[fruit]”__ — and the next verse..."
,books/symbolic-language/42-garments.adoc,94,97,891,5,4,"The answer to a dirty garment is not to take it off; it is to wash it. __“Wash you, make you clean,”__ God says in the same prophet, and then, __“though your sym:sym-sin[sins] be as sym:sym-scarlet[scarlet], they shall be as white as sno..."
,books/symbolic-language/09-the-seal.adoc,79,82,886,4,4,"Every element of the sixth seal is here: the forehead mark, set before the destroyers move; the destroyers forbidden to touch its bearers; and the criterion written into the commission — the marked are the ones grieving over lawbreaking...."
,books/symbolic-language/09-the-seal.adoc,62,65,885,4,4,"The sign on the hand and the memorial on the forehead are defined out loud: the law in you. __“Thou shalt bind them for a sign upon thine hand, and they shall be as frontlets between thine eyes”__ (Deuteronomy 6:8) — the commandments at..."
,books/symbolic-language/01-introduction.adoc,224,227,882,4,4,The double reading is no parlor trick; it has teeth for anyone who intends to obey. The same three letters sit in a standing command — __“ye eat neither *fat* nor blood”__ (Leviticus 3:17) — so which food a verse names can decide what a...
,books/symbolic-language/22-the-fear-of-the-lord.adoc,34,37,881,4,4,"To fear God is to keep His commandments — the two are set down as one requirement; and again, __“the LORD commanded us to do all these statutes, to fear the LORD our God”__ (Deuteronomy 6:24). It shows itself as a turning from evil: __“t..."
,books/symbolic-language/02-the-parables-of-the-kingdom.adoc,63,66,878,4,4,"Next the ground. Jeremiah had already preached this parable as a command: __“Break up your *fallow ground*, and sow not among sym:sym-bramble[thorns]”__ — and his very next sentence names the soil: __“take away the sym:sym-foreskin[fores..."
,books/symbolic-language/11-marriage-and-divorce.adoc,161,165,877,5,5,"Mark that sentence, because it is the Bible’s standing formula for a deposed covenant partner. Samuel to Saul: __“The LORD hath rent the kingdom of Israel from thee this day, and hath given it to a neighbour of thine, *that is better tha..."
,books/symbolic-language/29-lucifers-declared-plan.adoc,49,52,869,3,4,"The second phrase is _ben shachar_, and neither word is what it seems. _Ben_ — __“son”__ — in Hebrew idiom means the product of a thing, what is built from it and characterized by it: the __“sons of Belial”__ are men characterized by wor..."
,books/symbolic-language/36-clouds.adoc,128,131,869,4,4,"The cloud that shadows Zion afterward is the same vehicle at rest — __“a cloud and smoke by day… a tabernacle for a sym:sym-shadow[shadow] in the daytime from the heat, and for a *place of refuge*”__ (Isaiah 4:5-6), the pillar standing o..."
,books/symbolic-language/15-heaven-and-hell.adoc,119,123,868,5,5,"The same fire produces three different outcomes. The bush __“burned with fire, and the bush was *not consumed*”__ (Exodus 3:2) — sustained, because God willed to dwell in it. The furnace of Babylon, heated seven times, killed the soldier..."
,books/symbolic-language/18-liberty.adoc,103,105,867,3,3,"__“The perfect law of liberty”__ — to modern ears a contradiction, to Scripture a plain description: the law that contains the jubilee, frees the slave, and returns every man to his inheritance is liberty’s own constitution, and we will..."
,books/symbolic-language/14-the-remnant.adoc,113,116,861,4,4,The gleaning law encodes the ratio in a shape. The corners of the sym:sym-field[field] may not be wholly reaped; they are left standing for the sym:sym-poor[poor] and the sym:sym-stranger[stranger] (Leviticus 19:9-10) — and __“corners”__...
,books/symbolic-language/42-garments.adoc,151,155,861,5,5,"To be without the garment is to be naked, and nakedness, from the garden onward, is not nudity but exposure — the covenant covering gone, the shame seen. Laodicea is __“wretched, and miserable, and sym:sym-poor[poor], and blind, and nake..."
,books/symbolic-language/47-the-other-white-meat.adoc,117,121,861,4,5,"The Old Testament's last swine verses aim inward — not at Rome, but at covenant men wearing the beast's structure. Isaiah's indictment builds across two chapters: they sacrifice in gardens, burn incense on altars of brick, __“remain amon..."
,books/symbolic-language/04-sign-of-jonah.adoc,179,182,856,4,4,"Yet she did not act alone; she rode the beast. Rome is the *iron* of Nebuchadnezzar’s image — Daniel named the second and third kingdoms outright, Medo-Persia and Greece (Daniel 8:20-21), and the iron fourth that __“breaketh in pieces”__..."
,books/symbolic-language/03-signs-and-similitudes.adoc,20,23,855,4,4,"The King James’ __“ensamples”__ is the Greek _typos_ — types, patterns struck in advance — and mark the two verbs: the things __“happened”__ as types before they were __“written”__ as types (so too 1 Corinthians 10:6). Paul is not decora..."
,books/symbolic-language/47-the-other-white-meat.adoc,146,151,853,6,6,"One vision guards this symbol from both abuses. When God opened the door to the nations He showed Peter a sheet of __“all manner of fourfooted beasts”__ with the command, __“Rise, Peter; kill, and eat”__ — and Peter gives the vision's ow..."
,books/symbolic-language/37-the-moment.adoc,31,33,851,3,3,"God tells Moses what would happen if He walked with a stiff-necked people even one stage of the journey: __“I will come up into the midst of thee in a moment, and consume thee”__ (Exodus 33:5). When Korah’s company rose up against Moses,..."
,books/symbolic-language/15-heaven-and-hell.adoc,77,82,850,6,6,Sheol is not where the wicked go; it is where *everyone* goes. Jacob expects it: __“I will go down into the *grave* unto my son mourning”__ (Genesis 37:35). Job prays for it: __“O that thou wouldest hide me in the *grave*”__ (Job 14:13)....
,books/symbolic-language/08-the-name.adoc,284,286,848,3,3,"To take the husband’s name is to come under the husband’s wing — and the wing’s corners carry the sym:sym-tzitzit[tassels], bound there so that the wearer remembers all the commandments of the LORD and does them (Numbers 15:38-39). The c..."
,books/symbolic-language/41-grass.adoc,105,108,847,4,4,"Set it together and the parables come clear. When Jesus told of a sower, of wheat among tares, of a harvest and a burning, He was not speaking a new tongue; He was speaking the oldest one. A hearer who knew that flesh is grass, that the..."
,books/symbolic-language/21-worship.adoc,132,134,845,3,3,"His terms include His calendar. Throughout Scripture, worship is a thing men __“go up”__ to do at appointed times: Elkanah __“went up out of his city *yearly* to worship and to sacrifice unto the LORD of hosts in Shiloh”__ (1 Samuel 1:3)..."
,books/symbolic-language/01-introduction.adoc,20,22,835,3,3,"He did it to fulfill the Scriptures, which prophesied that He would speak in parables. When he spoke publicly he always used parables — __“without a parable spake he not unto them”__ (Matthew 13:34) — and only with his closest disciples..."
,books/symbolic-language/03-signs-and-similitudes.adoc,80,82,831,3,3,"There is a second family of signs, and it does not point forward at all: it points to a standing covenant. The sym:sym-bow[bow] in the cloud is __“the token of the covenant”__ (Genesis 9:12-13 — a chapter of its own ahead); circumcision..."
,books/symbolic-language/12-wings.adoc,42,45,830,4,4,"Be precise about what __“remember”__ asks, for in Scripture remembering is not recalling; it is *doing*. The Torah defines forgetting as disobedience outright — __“Beware that thou *forget* not the LORD thy God, *in not keeping* his comm..."
,books/symbolic-language/40-trees.adoc,88,90,829,3,3,"The same parable fixes what the cedar is — and is not: the __“high cedar”__ of that chapter is the royal house of David itself, and God promises to crop __“of the highest branch”__ a tender twig and plant it __“in the sym:sym-mountain[mo..."
,books/symbolic-language/28-sun-moon-and-stars.adoc,160,163,828,5,4,"The Greek under __“comprehended”__ is _katalaben_ — to *seize, to take hold of* — and it carries two readings, both true. The Hebrew text of John reads the taking-hold as power: the gloom __“does not have *power over* it”__ — the darknes..."
,books/symbolic-language/41-grass.adoc,58,61,827,4,4,"Two different partings happen at the harvest, and the whole vocabulary is Old Testament. The first is the grain parted from its own husk. When the threshed wheat is thrown up into the wind, the light, empty *chaff* is carried off while t..."
,books/symbolic-language/01-introduction.adoc,93,97,826,5,5,"The meaning of words never sits still. When the King James translators wrote that __“he who now letteth will let”__ (2 Thessalonians 2:7), _let_ meant to hinder — the exact opposite of what it means today, so the one who restrains evil i..."
,books/symbolic-language/14-the-remnant.adoc,266,270,826,4,5,"Scripture even names the density it has in mind. The prophetic picture of the kingdom is __“they shall sit every man under his vine and under his fig tree”__ (Micah 4:4) — and that is not a poet's flourish but a quotation, for the phrase..."
,books/symbolic-language/39-sea-and-waters.adoc,556,559,819,3,4,"The sym:sym-sand[sand] is where the sea meets the land — grains beyond all counting, heaped at the boundary. That is why __“the sand of the sea”__ is Scripture’s byword for a multitude past numbering: Abraham’s seed __“as the sym:sym-san..."
,books/symbolic-language/09-the-seal.adoc,12,17,815,6,6,"Ask what the seal of God is, and the answers run vague — a feeling of assurance, an invisible mark, a mystery reserved for the last days. Scripture is not vague about seals. A seal is a signet, and a signet carries one thing: its owner's..."
,books/symbolic-language/15-heaven-and-hell.adoc,193,197,806,5,5,"If endless torment is not in the law, not in the prophets, and not in Revelation's own label, where did the doctrine come from? It has an author, and a paper trail. Plato taught, four centuries before the cross, exactly the two planks Sc..."
,books/symbolic-language/15-heaven-and-hell.adoc,94,97,805,4,4,"__“In death there is *no remembrance* of thee: in the grave who shall give thee thanks?”__ (Psalm 6:5); __“the dead *praise not* the LORD, neither any that go down into *silence*”__ (Psalm 115:17); __“his breath goeth forth… in that very..."
,books/symbolic-language/04-sign-of-jonah.adoc,304,307,803,4,4,Now notice what the symbols have quietly done to the old argument. Because __“the heart of the earth”__ is Jerusalem — not the tomb — the __“three days and three nights”__ are the days the Son of Man spent in the city: taken in under arr...
,books/symbolic-language/06-knowing-faith-love-and-belief.adoc,106,110,798,5,5,James supplies the mirror: the hearer who is not a doer is __“a man observing his natural face *in a mirror*”__ — and the doer looks __“into the *perfect law* of sym:sym-liberty[liberty]”__ (James 1:23-25). The mirror we see dimly in is...
,books/symbolic-language/41-grass.adoc,96,100,798,5,5,"What, then, is *leaven*? It is bread soured. The very consonants that spell it also spell vinegar, an embittered heart, a cruel man; leaven is the loaf turned impure — fermented, puffed up, gone off. Leaven link:/books/symbolic-language/..."
,books/symbolic-language/16-shadow.adoc,181,184,794,4,4,"Through — not into. God __“turneth the shadow of death into the morning”__ (Amos 5:8); He __“brought them out of sym:sym-darkness[darkness] and the shadow of death, and brake their bands in sunder”__ (Psalm 107:14); and on the people sit..."
,books/symbolic-language/38-mountain.adoc,44,47,794,4,4,The sym:sym-stone[stone] itself repays a closer look. It is __“cut out… without hands”__ (Daniel 2:45) — and _to cut_ link:/books/symbolic-language/daniel-unsealed/[is the covenant verb] (Genesis 15:18).footnote:fn33karath[Covenants are...
,books/symbolic-language/03-signs-and-similitudes.adoc,176,181,792,6,6,"Now the scenes run. __“On the third day”__ Abraham lifts up his eyes and sees the place (Genesis 22:4). The wood of the offering is laid on the son, and the son carries it up the hill (Genesis 22:6) — as another Son, on that same ridge,..."
,books/symbolic-language/40-trees.adoc,137,139,790,3,3,"It is why the Gentile is called a dog — __“It is not meet to take the children's sym:sym-bread[bread], and to cast it to dogs,”__ and the woman answers, __“yet the dogs eat of the crumbs”__ (Matthew 15:26-27): outside the house, an uncle..."
,books/symbolic-language/34-the-fall-of-babylon.adoc,57,61,787,5,5,"Mark who can wear that name. A sym:sym-harlot[harlot] is not an outsider; she is a wife gone traitor — harlotry is covenant *defected*, and only a covenant people can commit it: __“How is the *faithful city* become an harlot!”__ (Isaiah..."
,books/symbolic-language/14-the-remnant.adoc,139,142,786,4,4,"This is an orchardman's fact before it is a figure: beat an olive tree for harvest, and only the berries too high and too far out to reach are left clinging. But run the arithmetic the verse invites. A productive olive tree bears on the..."
,books/symbolic-language/47-the-other-white-meat.adoc,109,112,786,4,4,The chapter is doctrinal end to end — it opens on __“false teachers… who privily shall bring in damnable heresies”__ (2 Peter 2:1) and calls them __“wells without water”__ (2 Peter 2:17) — and it ends on the pun the Hebrew Matthew wrote...
,books/symbolic-language/14-the-remnant.adoc,212,215,783,4,4,"Dew — scattered, tiny, life-giving — and the sym:sym-lion[lion]: royal, ruling, and vastly outnumbered. In the great ecosystems, lions run at roughly one or two for every thousand large mammals — a seventh of a percent in the Serengeti —..."
,books/symbolic-language/38-mountain.adoc,166,169,782,3,4,"The picture is of __“dawn,”__ __“mist,”__ or __“fog”__ spread over the __“mountains,”__ which is quite common in early morning and aligns with the visual of a __“day of clouds and thick dark mist.”__ The Hebrew word for __“dawn,”__ _shac..."
,books/symbolic-language/08-the-name.adoc,270,273,778,4,4,"For Ruth is everything the seven women are not, and her story keeps the ledger. She brings no bread of her own: she eats at Boaz’s table until she __“was sufficed, and *left*”__ (Ruth 2:14), gleans his field by the law of the corner — wi..."
,books/symbolic-language/01-introduction.adoc,104,107,776,4,4,"Meaning, however, is not carried by words; it is carried by the relationships among words. Modern AI is living proof of the principle: no one feeds a translation model a dictionary — it learns the meaning of every word in every language..."
,books/symbolic-language/34-the-fall-of-babylon.adoc,111,114,773,4,4,"Mark the quarter the destruction enters by. __“For, lo, I will raise and cause to come up against Babylon an assembly of great nations *from the* sym:sym-north[north] *country*”__ (Jeremiah 50:9); __“a people shall come *from the north*,..."
,books/symbolic-language/03-signs-and-similitudes.adoc,194,198,772,5,5,"Or take Joseph, and count the frames as they go by. Betrayed by his brothers; stripped of his garment; sold for pieces of silver; condemned between two prisoners, of whom one was lifted up to the king’s presence and the other hanged (Gen..."
,books/symbolic-language/17-justice-and-judgment.adoc,154,156,770,3,3,"link:/books/symbolic-language/the-fear-of-the-lord/[Solomon ends his book] on the two clauses this book keeps finding joined — sym:sym-fear[fear] God, and keep his commandments (Ecclesiastes 12:13) — and then: __“For God shall bring ever..."
,books/symbolic-language/34-the-fall-of-babylon.adoc,198,201,770,4,4,"The last identifying mark is blood. In the great city __“was found the *blood of prophets*, and of saints”__ (Revelation 18:24) — and Jesus fixed that address for ever: __“upon you may come all the *righteous blood* shed upon the earth”_..."
,books/symbolic-language/04-sign-of-jonah.adoc,94,98,768,5,5,"Here too the KJV flattens the key word: the Hebrew is _bilvav yammim_ — in the *heart* of the seas. And with that phrase the proof closes inside Scripture itself. The sea is a defined symbol — __“the sym:sym-sea[waters]… are peoples, and..."
,books/symbolic-language/14-the-remnant.adoc,72,76,766,5,5,"Seven thousand — out of what? The record supplies its own census tool. A generation later, Menahem raised a thousand talents of tribute by taxing __“all the mighty men of wealth, of each man fifty shekels”__ (2 Kings 15:19-20): a thousan..."
,books/symbolic-language/33-the-four-winds.adoc,108,111,764,4,4,"Ezekiel’s breath arrived on the appointed day. Jesus had already tied the knot for Nicodemus: __“The *wind* bloweth where it listeth… so is every one that is *born of the Spirit*”__ (John 3:8) — one word for wind and Spirit, in Hebrew an..."
,books/symbolic-language/02-the-parables-of-the-kingdom.adoc,213,215,759,3,3,"God spoke that as a riddle to be decoded (Ezekiel 17:2, 12) and closed it with the rule the mustard seed obeys: __“I the LORD have brought down the high sym:sym-tree[tree], have *exalted the low tree*”__ (Ezekiel 17:24). Daniel graded th..."
,books/symbolic-language/01-introduction.adoc,123,125,758,3,3,"The same redundancy is also a signature. Some forty writers, across some fifteen centuries, in multiple languages, hold one symbol grammar without a collision — as the chapters ahead will prove: the sym:sym-mountain[mountain] is a kingdo..."
,books/symbolic-language/40-trees.adoc,99,102,758,4,4,"Two more branches of the symbol remain before the beasts. The pair of olive trees Zechariah saw return in Revelation as the two witnesses — covenant trees standing before God (Zechariah 4:14; Revelation 11:4), taken up in the link:/books..."
,books/symbolic-language/11-marriage-and-divorce.adoc,219,221,757,3,3,"It is why, when they dragged a woman taken __“in the very act”__ of adultery before Jesus and quoted the death penalty at Him (John 8:4-5), the only Man present with the right to cast the first stone stooped, wrote in the dust, and let h..."
,books/symbolic-language/14-the-remnant.adoc,372,375,757,4,4,"_Sarid_ — __“survivor”__ — grows from a root meaning *to puncture*, to slip out through the pierced point; its brother-words are the carpenter's *scribing-awl* and *stitching pierced with a needle*. The remnant-survivor is, in the Hebrew..."
,books/symbolic-language/13-orphans-widows-and-the-fatherless.adoc,125,129,756,4,5,"The poor man God looks to is defined by his posture toward the word, not his balance. He is the sym:sym-remnant[remnant]: __“I will also leave in the midst of thee an afflicted and *poor* people, and they shall trust in the sym:sym-name[..."
,books/symbolic-language/04-sign-of-jonah.adoc,263,267,755,5,5,"The fulfillment follows the same pattern. When the gentiles flocked to hear the word, __“the Jews… were filled with envy”__ (Acts 13:45), and the apostles answered, __“lo, we turn to the Gentiles”__ (Acts 13:46). Paul says the jealousy i..."
,books/symbolic-language/11-marriage-and-divorce.adoc,105,108,755,4,4,"When the Pharisees asked Jesus, __“Is it lawful for a man to put away his wife *for every cause*?”__footnote:everycause[Their phrase quotes a standing rabbinic dispute: the school of Hillel allowed divorce “for any cause” — a spoiled dis..."
,books/symbolic-language/39-sea-and-waters.adoc,644,647,753,4,4,"Along the way we have again gathered symbols, and each now has its home. The sym:sym-flood[flood] that is an army in motion, the sym:sym-fish[fish] and the sym:sym-net[net], the sym:sym-sand[sand] and the sym:sym-island[island], the sym:..."
,books/symbolic-language/31-the-sabbath.adoc,81,85,752,5,5,"Both clauses stand inside one commandment — the six of labor are commanded in the same breath as the one of rest. The sabbath is not an interruption of the week; it is the week made whole, six-and-one under one signature. The link:/books..."
,books/symbolic-language/11-marriage-and-divorce.adoc,100,103,751,4,4,"Read the rest of the statute’s shape. Divorce is regulated, never celebrated: the bill in her hand protects the woman (a hard-hearted man could otherwise simply cast her out and leave her bound); she is free to remarry (Deuteronomy 24:2)..."
,books/symbolic-language/39-sea-and-waters.adoc,194,198,750,5,5,"A flood that talks, boasts, and plans a campaign is not weather. Jeremiah asks the riddle — who is this flood? — and answers it in the next line: Egypt. So too __“sym:sym-sea[waters] rise up out of the sym:sym-north[north], and shall be..."
,books/symbolic-language/39-sea-and-waters.adoc,368,370,749,3,3,Tyre is drawn with the same pen. God brings __“many nations”__ against her __“as the sym:sym-sea[sea] causeth his sym:sym-sea[waves] to come up”__ (Ezekiel 26:3) — the nations are the waves; her rulers are __“the princes of the sym:sym-s...
,books/symbolic-language/21-worship.adoc,113,116,748,3,4,"Moses wrote __“fear”__; Jesus rendered it __“worship.”__ The Lord Himself treats the two words as one thing — and the rest of Scripture backs His translation in parallel columns: __“him shall ye sym:sym-fear[fear], and him shall ye *wors..."
,books/symbolic-language/31-the-sabbath.adoc,90,93,747,4,4,"Now scale the unit by the prophetic day — for __“one day is with the Lord as a thousand years, and a thousand years as one day”__ (2 Peter 3:8) — and the sabbath opens into the calendar of the whole age. Six days of labor, then the day o..."
,books/symbolic-language/19-the-fool-and-the-wise.adoc,69,72,745,4,4,"The number is not decoration. When the LORD tore the kingdom from Solomon's son, the prophet Ahijah rent a new garment and counted the pieces: __“Take thee *ten* pieces… I will give *ten* tribes to thee”__ (1 Kings 11:31) — and it is tha..."
,books/symbolic-language/14-the-remnant.adoc,147,150,744,3,4,"The gleaning law itself encodes the ratio — not in a number, but in a shape. The law forbids wholly reaping the sym:sym-wings[corners] of the sym:sym-field[field]; they are left for the sym:sym-poor[poor] and the sym:sym-stranger[strange..."
,books/symbolic-language/28-sun-moon-and-stars.adoc,169,171,742,3,3,The two dominions have their peoples: the children of sym:sym-light[light] and of the sym:sym-day[day] — the households link:/books/symbolic-language/light-and-darkness/[the Light and Darkness chapter divided] (1 Thessalonians 5:5).footn...
,books/symbolic-language/30-the-pearl.adoc,200,202,742,3,3,"The thrones are *set* — placed like lights in their stations.footnote:dan79set[The King James prints __“the thrones were cast down”__; the Aramaic verb is one of placing, and the newer translations read it so — the thrones were set, not..."
,books/symbolic-language/12-wings.adoc,204,207,741,4,4,"The wing gathers this book to a single edge, and hands the reader a working tool. The law is sewn into the kanaph, and there is healing in it; the ark of the covenant sits beneath it; the covenant is made by spreading it and read in what..."
,books/symbolic-language/07-the-way-the-truth-and-the-life.adoc,215,219,739,3,5,"The Greek behind the usual __“new”__ is _prosphatos_ — built on the verb for slaughter: freshly slain.footnote:heb1020[_Prosphatos_ (Hebrews 10:20), from _pro_ + _sphazō_, “to slaughter” — literally “freshly slaughtered”; every major tra..."
,books/symbolic-language/21-worship.adoc,165,167,736,4,3,The Hebrew text of Revelation reads the verse the same direction: __“Fear YHWH and *make your prayer* to him… and make prayer to *the one who created* the heavens and the earth and the sea and the wells.”__footnote:hebrev[The Hebrew Reve...
,books/symbolic-language/17-justice-and-judgment.adoc,169,172,734,3,4,"Against that delight stands the collapse, and Isaiah paints it in the Bible’s own symbolic vocabulary: __“the sym:sym-way[way] of sym:sym-peace[peace] they know not; and there is no *judgment* in their goings: they have made them crooked..."
,books/symbolic-language/30-the-pearl.adoc,27,31,733,4,5,Now the *merchant* and his *good*. Solomon prices wisdom in the merchant's own terms — __“For the *merchandise* of it is better than the merchandise of silver”__ (Proverbs 3:14) — and Scripture stamps that merchandise *good* in exactly t...
,books/symbolic-language/09-the-seal.adoc,33,38,732,6,6,"Two engravings on one seal. The first is ownership — and it is a quotation: __“the LORD will shew *who are his*, and who is holy”__ (Numbers 16:5), Moses' answer to Korah, the original dispute over who bears the holy name. The second is..."
,books/symbolic-language/26-noah-uncovered.adoc,22,26,732,4,5,"Mark three things before moving on. This is the only event in Genesis dated to the first day of the first month — and every Nisan 1 that Scripture dates after it carries the same freight: a tabernacle raised (Exodus 40:2), a temple sanct..."
,books/symbolic-language/15-heaven-and-hell.adoc,34,37,729,4,4,"Heaven is where God's rule runs uncontested; the earth is the delegated realm, given to men — which is why His will must be prayed *done* here, and simply *is* done there. Isaiah states the same structure as government: __“The heaven is..."
,books/symbolic-language/08-the-name.adoc,305,310,728,6,6,"The symbol gathers up the ones before it. The sym:sym-gospel[gospel] is the covenant _announced_; the sym:sym-way[way], the sym:sym-truth[truth], and the sym:sym-life[life] are the covenant _embodied_; the name is the covenant _owned_ —..."
,books/symbolic-language/35-daniel-unsealed.adoc,106,109,728,3,4,"In 1535 — on the sixtieth jubilee — Sultan Suleiman gave the *second* decree to rebuild Jerusalem, and that decree names the plaza and the moat; the words were carved in stone at the moat and on the Temple Mount, where they stand today...."
,books/symbolic-language/10-the-coin.adoc,50,53,725,4,4,"Read without the symbols, __“render unto Caesar”__ is a mirror — the tax-lover sees a command to pay, the tax-hater hears that everything is God's — and the scene shrinks to a clever escape from a trap. Read with them, the sentence divid..."
,books/symbolic-language/04-sign-of-jonah.adoc,296,299,723,4,4,"If this reading feels new, it is newer than it should be. Augustine saw the shape of it sixteen centuries ago: __“As Jonah passed from the ship to the belly of the whale, so Christ passed from the cross to the sepulchre”__ — and he saw t..."
,books/symbolic-language/30-the-pearl.adoc,22,25,723,3,4,"The *pearls* come first, and the King James buried them. The link:/books/symbolic-language/the-parables-of-the-kingdom/[Parables of the Kingdom] chapter already dug them out from under the King James’ __“rubies”__: the Hebrew _peninim_ i..."
,books/symbolic-language/05-gospel.adoc,99,101,722,3,3,"The passage is Isaiah 61:1-2, and its closing proclamation — __“the *acceptable* sym:sym-year[year] *of the LORD*”__ — is the *year of release*, link:/books/symbolic-language/liberty/[the seventh year of Deuteronomy 15], when debts are c..."
,books/symbolic-language/08-the-name.adoc,298,300,722,3,3,"Ruth’s wedding under the wing leads directly into this chapter’s closing point. The law states the purpose of a kinsman’s marriage in name-language: the son is raised __“that his *name* be not put out of Israel,”__ and the man who refuse..."
,books/symbolic-language/15-heaven-and-hell.adoc,144,148,722,5,5,"Now comes the silence that should end the argument. Deuteronomy 28 is God's own catalogue of covenant curses — fifty-four verses of escalating horror: blight, boils, madness, siege, famine driving parents to unspeakable things, exile, sl..."
,books/symbolic-language/17-justice-and-judgment.adoc,130,133,721,4,4,"__“Plead”__ is, in the Hebrew, the judge-verb itself — more literally, _I will enter into judgment with you face to face_ — and the sentence before names what that judging is: __“with a mighty hand… will I *rule over* you”__ (Ezekiel 20:..."
,books/symbolic-language/08-the-name.adoc,46,50,719,5,5,"This is no created messenger. He bears God’s own _name_ — His presence and authority — and Scripture, looking back, tells us plainly who he was: __“the angel of his presence saved them… and he bare them, and carried them all the days of..."
,books/symbolic-language/26-noah-uncovered.adoc,31,35,719,5,5,"_Be'achat_ — __“in the one”__ — is the letters of _echad_, the Shema's word: __“the LORD our God, the LORD is *one*”__ (Deuteronomy 6:4) — one as in unified, whole, nothing missing. At the completeness. _Me'ot_ — __“hundreds”__ — divides..."
,books/symbolic-language/26-noah-uncovered.adoc,79,82,718,4,4,"Hold this reading to the same law as every reading in this book. Each word must be attested in the lexicon — no invented senses; the assembled sentence must agree with Scripture written elsewhere — and here it is Revelation itself, seal..."
,books/symbolic-language/17-justice-and-judgment.adoc,68,70,717,3,3,"Execute true judgment — and immediately, the four names of the gleaning corner. This is judgment’s home address in Scripture. God __“doth execute the *judgment* of the fatherless and widow”__ (Deuteronomy 10:18); Israel is told to __“see..."
,books/symbolic-language/34-the-fall-of-babylon.adoc,206,210,717,3,5,"The sea of glass scene now reads whole. The victors stand where Israel stood — on the far side of the waters that drowned their pursuer — and they sing the same song, doubled: __“the song of Moses… and the song of the Lamb.”__ The first..."
,books/symbolic-language/13-orphans-widows-and-the-fatherless.adoc,113,116,716,4,4,"Watch the two renderings trade places across the same texts. The psalm says __“the *meek* shall inherit the earth”__ (Psalm 37:11), and Jesus repeats it word for word: __“Blessed are the *meek*: for they shall inherit the earth”__ (Matth..."
,books/symbolic-language/07-the-way-the-truth-and-the-life.adoc,132,134,712,3,3,"Even the sym:sym-fool[fool] — the man who hears God’s word and will not do it — __“shall not err therein”__: the covenant road is so plainly built that finding it was never the fool’s problem; __“it is *not hidden* from thee, neither is..."
,books/symbolic-language/42-garments.adoc,195,198,712,4,4,"Mark the weight. Man's armor is heavy on the wearer, and the tradition it stands for binds __“*heavy burdens* and grievous to be borne”__ on other men's shoulders (Matthew 23:4). God's armor runs the other way: __“my yoke is easy, and my..."
,books/symbolic-language/13-orphans-widows-and-the-fatherless.adoc,83,86,706,4,4,"Once a man is made a citizen of God’s commonwealth, the symbol inverts: he becomes a stranger to the _world_. The patriarchs __“confessed that they were strangers and pilgrims on the earth,”__ and Hebrews gives the reason — __“they seek..."
,books/symbolic-language/30-the-pearl.adoc,207,209,706,3,3,The psalm that gave this book the sym:sym-faithful-witness[faithful witness] link:/books/symbolic-language/sun-moon-and-stars/[already sets the throne] as the sym:sym-sun[sun] and as the sym:sym-moon[moon] — Psalm 89:36-37 — plain simile...
,books/symbolic-language/16-shadow.adoc,63,68,703,6,6,"Refuge answers shadow; storm answers heat. So too the shadow of a great sym:sym-rock[rock] (Isaiah 32:2); the tabernacle is __“for a shadow in the daytime from the heat, and for a place of refuge”__ (Isaiah 4:6). The Servant testifies, _..."
,books/symbolic-language/01-introduction.adoc,253,256,699,4,4,"Watch Paul serve both tables from one message. Writing to Corinth, he says he arrived determined __“not to know any thing among you, save *Jesus Christ, and him crucified*”__ (1 Corinthians 2:2) — and a page later he tells the same congr..."
,books/symbolic-language/28-sun-moon-and-stars.adoc,374,376,699,3,3,"The sky is built like a dwelling, and Scripture says so plainly: He __“stretcheth out the heavens like a curtain, and spreadeth them out as a *tent* to dwell in”__ (Isaiah 40:22); __“In them hath he set a *tabernacle* for the sym:sym-sun..."
,books/symbolic-language/38-mountain.adoc,246,248,695,3,3,"In the process of exploring the mountain symbol, we came across many other symbols: the sym:sym-sea[sea] (the masses of mankind), the hills (cities), the sym:sym-tree[tree] and the fig tree (kingdoms and Israel), the stone and the rock (..."
,books/symbolic-language/42-garments.adoc,190,193,691,4,4,"Scripture even stages the two armors side by side, in a fitting room before a duel. Saul dresses David in his own gear — __“and he put an *helmet of brass* upon his head”__ — and the shepherd takes it all off again: __“I cannot go with t..."
,books/symbolic-language/26-noah-uncovered.adoc,46,48,690,3,3,"Noah's name is _nuach_ — *rest*, the Sabbath's own root — and Scripture defines the man the first time it introduces him: __“just and *perfect* in his *generations*”__ (Genesis 6:9), where __“perfect”__ is _tamim_, complete, and __“gener..."
,books/symbolic-language/08-the-name.adoc,167,170,686,4,4,"The prophets prosecute the same sin under another verb. __“When they entered unto the heathen… they *profaned my holy name*, when they said to them, These are *the people of the LORD*, and are gone forth out of his land”__ (Ezekiel 36:20..."
,books/symbolic-language/10-the-coin.adoc,197,199,685,3,3,"The counterfeit even keeps the ransom's equality clause: where the census took the same half shekel of __“the *rich*”__ and __“the *poor*”__ (Exodus 30:15), the mark falls on __“rich and poor”__ — with __“small and great, free and bond”_..."
,books/symbolic-language/18-liberty.adoc,42,44,685,3,3,"— __“to proclaim the *acceptable* sym:sym-year[year] *of the LORD*”__ (Isaiah 61:2): the *year of release* — the same seventh-year release, so named by the law itself (Deuteronomy 31:10). And this is the passage Jesus stood up and read i..."
,books/symbolic-language/43-the-bow.adoc,155,158,685,4,4,"Notice what the sign is made of. A rainbow has no substance of its own; it is sym:sym-light[light] shining through water — Ezekiel says exactly that, __“the appearance of the *brightness*”__ in __“the day of *rain*”__ (Ezekiel 1:28). In..."
,books/symbolic-language/40-trees.adoc,124,128,684,4,5,This is why clean and unclean divide the animals as the covenant divides mankind. God's own are the flock — the sheep who hear His voice; the nations are the wild beasts. So when God opens the door to the Gentiles He shows Peter a sheet...
,books/symbolic-language/10-the-coin.adoc,105,109,682,5,5,"The sym:sym-fish[fish] is the one symbol even the world still reads: people put fish on their cars as a sign of their faith — the fish is a believer. Watch the rest of the furniture: Peter, the fisher *of men* (Matthew 4:19), goes to the..."
,books/symbolic-language/39-sea-and-waters.adoc,74,78,682,5,5,"The witnesses are not a handful of hand-picked verses. The word __“sea”__ appears in 376 verses of Scripture, and __“waters”__ and __“floods”__ in hundreds more. Gather the sea verses and sort them, and the shape of the whole is striking..."
,books/symbolic-language/08-the-name.adoc,103,106,681,3,4,"The promise then stands established three ways at once, and every level holds. In the flesh: the seed and throne endure — __“the Lord God shall give unto him the *throne of his father David*… and of his kingdom there shall be *no end*”__..."
,books/symbolic-language/31-the-sabbath.adoc,98,102,679,4,5,"The count exposes a paradox — and its solution must meet the text exactly. The omer count is specified three ways at once. It has a *fixed start*: the sheaf is waved __“on the morrow after the sabbath”__ (Leviticus 23:11), and the witnes..."
,books/symbolic-language/02-the-parables-of-the-kingdom.adoc,23,25,678,3,3,Nathan told David a story about a ewe sym:sym-lamb[lamb]; David judged its villain to death without seeing his own face — __“the man that hath done this thing shall surely die”__ (2 Samuel 12:5) — and Nathan handed him the key in four wo...
,books/symbolic-language/05-gospel.adoc,290,293,678,3,4,"After the resurrection the risen King sent His heralds to the nations, and the commission names the gospel's content one last time: __“teaching them to *observe all things whatsoever I have commanded you*”__ (Matt 28:19-20). The commissi..."
,books/symbolic-language/30-the-pearl.adoc,105,107,678,4,3,"__“She considereth a field, and taketh it: with the fruit of her palms she planteth a vineyard. She girdeth her loins with strength”__ (31:16-17). This is the Bridegroom's own record in parable: He *planted the vineyard* (Matthew 21:33)..."
,books/symbolic-language/28-sun-moon-and-stars.adoc,384,386,676,3,3,"Scripture ties the gates to the tribes by name, at both ends of the canon. In the wilderness the twelve camped around the tabernacle in four triads — __“on the *east* side toward the rising of the sun… the standard of the camp of *Judah*..."
,books/symbolic-language/36-clouds.adoc,70,74,676,5,5,"The two witnesses __“ascended up to heaven *in a cloud*; and their enemies beheld them”__ (Revelation 11:12). The reaper of the last sym:sym-harvest[harvest] works from one: __“behold a white cloud, and upon the cloud one *sat* like unto..."
,books/symbolic-language/13-orphans-widows-and-the-fatherless.adoc,78,81,675,3,4,"The key turns both ways. Outside the covenant, a man is a stranger to God’s commonwealth — and the law leaves the field’s corner to draw him in. The gleaning stranger is the _ger_, the sojourner who has left his own people to dwell among..."
,books/symbolic-language/15-heaven-and-hell.adoc,50,54,674,5,5,"Where, then, are the dead — Abraham, David, the faithful of every age? Scripture's answer is consistent and calm: they sleep. __“Many of them that *sleep in the dust of the earth* shall awake”__ (Daniel 12:2); Job asks to be hidden in th..."
,books/symbolic-language/31-the-sabbath.adoc,104,107,674,4,4,"Try to satisfy all three on an unbroken seven-day cycle, and the system jams. A fixed sixteenth falls on a different weekday each year; count from it, and the fiftieth day is __“the morrow after the sabbath”__ only one year in seven. The..."
,books/symbolic-language/40-trees.adoc,165,168,674,3,4,"The traditional reading takes this as a literal garden-cult, but it rests on a word that is not in the text. The Hebrew says only __“after one in the midst”__; __“tree”__ is supplied by the translators — and with it gone, the literal rea..."
,books/symbolic-language/12-wings.adoc,164,167,670,4,4,For the skirt is where a people’s covenant record is kept. __“In thy *skirts* is found the *blood of the souls of the poor innocents*”__ (Jeremiah 2:34); __“her filthiness is in her *skirts*; she remembereth not her last end”__ (Lamentat...
,books/symbolic-language/17-justice-and-judgment.adoc,146,148,669,3,3,The field is joyful because the Judge is the rightful King arriving to put the world in order. And judgment is a thing _given to_ the saints as an inheritance: __“*judgment was given* to the saints of the most High; and the time came tha...
,books/symbolic-language/35-daniel-unsealed.adoc,154,157,669,4,4,"The groom offers the cup, and the covenant is cut: __“This cup is the *new testament in my blood*”__ (Luke 22:20). He abstains until the wedding: __“I will not drink of the fruit of the vine, *until the kingdom of God shall come*”__ (Luk..."
,books/symbolic-language/47-the-other-white-meat.adoc,173,176,669,4,4,"You have now watched the beast from every side — at the vine, under the pearls, among the tombs, at the trough, in the mire, and inside the gates claiming the name. Keep the command and you fulfill the picture; explain the picture away a..."
,books/symbolic-language/10-the-coin.adoc,62,65,668,3,4,"A coin is the seal made money, and His coin is minted the way all coin is: dug from a field, refined in fire, stamped with the name. The sym:sym-field[field] is the world (Matthew 13:38), and the treasure hid in it was worth selling ever..."
,books/symbolic-language/01-introduction.adoc,63,67,667,5,5,"One hundred forty-five symbolic words are collected in the Glossary at the back of this book, and the experiment below measured every one of them. How different are these definitions from what is commonly taught? To measure that gap inde..."
,books/symbolic-language/26-noah-uncovered.adoc,39,41,667,3,3,"_Charvu hamayim_ — __“the waters were dried up”__ — but חרב is two words in one skin: _charav_, to lay waste, and _cherev_, the sword. And the waters have been defined since this book's fourth chapter: __“the sym:sym-sea[waters]… are *pe..."
,books/symbolic-language/39-sea-and-waters.adoc,514,517,667,4,4,"Solomon knew about the two seas. He built one — a __“molten sym:sym-sea[sea]”__ (1 Kings 7:23), holding two thousand baths (1 Kings 7:26), lifted up on __“twelve oxen”__ facing the four quarters of the earth (1 Kings 7:25) — twelve, the..."
,books/symbolic-language/17-justice-and-judgment.adoc,34,37,666,3,4,__“Justice and judgment”__; __“judgment and righteousness.”__ In the Hebrew these are the same two words — the word rendered __“justice”__ in Abraham’s verse is the word rendered __“righteousness”__ in Jeremiah’s. The Psalter says the sa...
,books/symbolic-language/31-the-sabbath.adoc,58,62,665,4,5,"The Greek of the Gospels talks about the week in exactly this vocabulary, and translation has hidden it. The Pharisee in the parable boasts, __“I fast twice in the week”__ (Luke 18:12) — but what he says is _dis tou sabbatou_: twice *in..."
,books/symbolic-language/02-the-parables-of-the-kingdom.adoc,234,236,664,3,3,"Derive it from Torah, where every hearer of Moses began. sym:sym-leaven[Leaven] is purged from every house before the feast (Exodus 12:15); it is banned from the altar absolutely — __“ye shall burn *no leaven*… in any offering of the LOR..."
,books/symbolic-language/04-sign-of-jonah.adoc,142,146,663,5,5,"Mark who worships first. The heathen sailors, who had each cried to his own god (Jonah 1:5), watch the sea cease and __“feared the LORD exceedingly, and offered a sacrifice unto the LORD, and made vows”__ (Jonah 1:16). At the cross the s..."
,books/symbolic-language/39-sea-and-waters.adoc,308,311,663,4,4,"When the sign was replayed in Pharaoh’s court, it spoke at the scale of empires. The magicians cast down _their_ staffs — the nations in the service of the sym:sym-harlot[whore], ruled, ridden, and consumed by her — and __“they became sy..."
,books/symbolic-language/04-sign-of-jonah.adoc,138,140,662,3,3,"One man, knowing the storm is for his sake, given to the raging sea — and the sea of the nations goes calm. And mark the double truth in the verbs: Jonah offers himself — __“cast me forth”__ — yet it is other hands that take him up and c..."
,books/symbolic-language/04-sign-of-jonah.adoc,238,241,659,4,4,"Nineveh is a city of the sea — a great mass of gentile peoples — and at the preaching of a man brought back from the dead, the sea turns. The similitude is why she turned: Luke says Jonah himself __“was a sign unto the Ninevites”__ — the..."
,books/symbolic-language/04-sign-of-jonah.adoc,309,311,658,3,3,"Step back and take in what this chapter has demonstrated. A reluctant prophet’s biography — his flight, his fare, his sleep, the lots, the storm, the sea, the fish, the three days, the city that repents — turns out to be a frame-by-frame..."
,books/symbolic-language/41-grass.adoc,63,65,657,3,3,"The second parting is between two different plants. The *tares* are not the wheat's own husk but a weed sown among it — darnel, which *mimics* the wheat so closely that the two cannot be told apart until the ear forms. That is the enemy'..."
,books/symbolic-language/44-jacob-israel-and-ephraim.adoc,184,187,656,4,4,"The trees supply sym:sym-oil[oil] — the pressed, proven works of the olive — the oil burns in the sym:sym-lamp[lamp], and the lamp, Scripture says, is __“the *commandment*”__ (Proverbs 6:23); what comes out is sym:sym-light[light]. For w..."
,books/symbolic-language/25-spoken-once-heard-twice.adoc,26,29,655,4,4,"English has puns too, and they are the quickest way to feel what is happening here. This book's title is one, built in homage to the device this chapter teaches: say it aloud, and _MEAT The Bible's Symbolic Language_ is also _meet the Bi..."
,books/symbolic-language/04-sign-of-jonah.adoc,247,249,654,3,3,"The book even gives the great city a measure: __“an exceeding great city of three days’ journey”__ (Jonah 3:3), and Jonah went in __“a day’s journey”__ before he cried (Jonah 3:4). Scripture supplies the scale for such days: __“one sym:s..."
,books/symbolic-language/16-shadow.adoc,81,84,654,4,4,"Moses himself was shaded so: __“I will put thee in a clift of the sym:sym-rock[rock], and will cover thee with my hand while I pass by”__ (Exodus 33:22) — the shadow of God’s own hand set between a man and God’s own glory. And whose hand..."
,books/symbolic-language/04-sign-of-jonah.adoc,81,83,653,3,3,"Ezekiel sees the regathered people __“that dwell in the midst of the land”__ (Ezekiel 38:12) — the Hebrew is _tabbur ha’aretz_, the *navel* of the land, the same word Judges uses for the country’s center (Judges 9:37); the KJV’s __“midst..."
,books/symbolic-language/26-noah-uncovered.adoc,50,52,653,3,3,"The __“covering”__ is _mikhseh_, from _kasah_, to cover — the same letters that, pointed otherwise, read as _keseh_, the full moon, and _kisse_, the throne, a pair of readings the link:/books/symbolic-language/the-pearl/[Pearls of Wisdom..."
,books/symbolic-language/42-garments.adoc,55,57,653,3,3,"Three phrases for one act: to spread the skirt, to cover the nakedness, to enter the covenant. That spread skirt is the _kanaph_, the sym:sym-wings[wing], link:/books/symbolic-language/wings/[doing both of its offices]: the edge that car..."
,books/symbolic-language/05x-the-disciple.adoc,37,39,652,3,3,"These are gates, not growth curves — and inside the gates He named the marks: __“If ye *continue in my word*, then are ye my disciples *indeed*”__ (John 8:31); __“By this shall all men know that ye are my disciples, if ye have sym:sym-lo..."
,books/symbolic-language/06-knowing-faith-love-and-belief.adoc,123,126,651,4,4,"He does not say _you never knew me_; He says _I never knew you_ — and the disqualifier is *lawlessness*. The Greek is _anomia_ — without _nomos_, without *law* — the word the KJV renders __“iniquity,”__ and the word John uses when he def..."
,books/symbolic-language/19-the-fool-and-the-wise.adoc,52,56,651,4,5,"With that definition in place, the parable of the ten virgins opens, for it is built of symbols already defined. Begin with who the virgins are — and who they are not. The Hebrew Matthew reads the parable's first line: the kingdom of hea..."
,books/symbolic-language/21-worship.adoc,169,171,651,3,3,The reason the angel must cry it is that a rival is collecting bows. The chapter before is the Bible’s last worship crisis: __“they *worshipped the* sym:sym-dragon[dragon]… and they *worshipped the* sym:sym-beast[beast]”__ (Revelation 13...
,books/symbolic-language/34-the-fall-of-babylon.adoc,63,66,651,4,4,"Jeremiah's oracle even fixes where the last Babylon sits. __“Your *mother* shall be sore confounded… behold, the *hindermost of the nations* shall be a wilderness”__ (Jeremiah 50:12). Scripture's compass faces sym:sym-east[east] — _qedem..."
,books/symbolic-language/16-shadow.adoc,155,158,650,4,4,"The verse itself resists the discharge twice more. Its command is __“let no man *judge you*”__ — protection for those keeping the holyday, the sym:sym-new-moon[new moon], and the sabbaths, not a sentence against them; the judges were the..."
