file,line,trigger,text
books/symbolic-language/01-introduction.adoc,50,through the lens,"When you read scripture, you read its words through the lens of your own private dictionary and personal associations."
books/symbolic-language/01-introduction.adoc,271,failure mode,"That is milk's failure mode, lived out — they received, and never chewed."
books/symbolic-language/02-the-parables-of-the-kingdom.adoc,39,weigh what,"Next, weigh what you gathered before you lean on it."
books/symbolic-language/02-the-parables-of-the-kingdom.adoc,44,Mark what,Mark what has changed between their seat and yours.
books/symbolic-language/02-the-parables-of-the-kingdom.adoc,45,corpus,"The disciple on the shore had his memory and the weekly reading; you have the whole corpus searchable in a breath — a concordance, a search bar, an AI that can sweep every use of a word while you frame your next question."
books/symbolic-language/02-the-parables-of-the-kingdom.adoc,266,mark what,"Disciples do forsake all — Peter says so five verses later and is not corrected (Matthew 19:27), and __“whosoever he be of you that forsaketh not all that he hath, he cannot be my disciple”__ (Luke 14:33) — but mark what no disciple ever did: buy the field."
books/symbolic-language/03-signs-and-similitudes.adoc,76,mark what,But mark what happened on the day the sign was given: nothing.
books/symbolic-language/04-sign-of-jonah.adoc,85,Read that,"Read that way, __“the Son of man… three days and three nights in the heart of the earth”__ is, first of all, three days and three nights in Jerusalem — taken into the city under arrest, and out of it again on the third day."
books/symbolic-language/04-sign-of-jonah.adoc,263,Now watch,Now watch the fulfillment.
books/symbolic-language/04-sign-of-jonah.adoc,324,Weigh what,Weigh what the sign proves.
books/symbolic-language/05-gospel.adoc,280,corpus,But as a definition it fails the corpus.
books/symbolic-language/06-knowing-faith-love-and-belief.adoc,192,read that,Now read that famous verse whole:
books/symbolic-language/08-the-name.adoc,267,Now watch,"Now watch how the true marriage is enacted, because the mechanics carry the meaning."
books/symbolic-language/09-the-seal.adoc,92,Mark what,"Mark what this makes of the sixth-seal scene, for the winds and the sealing are one element."
books/symbolic-language/11-marriage-and-divorce.adoc,102,Hold that,Hold that no-return rule; the whole gospel will hang on it before this chapter ends.
books/symbolic-language/11-marriage-and-divorce.adoc,183,paperwork,"The bill of divorce is the exile — the wife sent __“out of his house,”__ scattered among the nations — and God holds the paperwork up to her children (Isaiah 50:1)."
books/symbolic-language/13-orphans-widows-and-the-fatherless.adoc,32,This is the turn,This is the turn.
books/symbolic-language/14-the-remnant.adoc,88,Now watch,Now watch every other line of evidence come in on the same mark.
books/symbolic-language/14-the-remnant.adoc,189,Read that,"Read that last row again, because it turns the whole hard saying inside out."
books/symbolic-language/14-the-remnant.adoc,250,hold that,The most demonstratively religious one percent was not enough — hold that word __“exceed”__; the Hebrew of the remnant will hand it back to us shortly.
books/symbolic-language/16-shadow.adoc,42,Now watch,Now watch whose shadow the righteous live in.
books/symbolic-language/18-liberty.adoc,144,sales pitch,"The offer of freedom from God’s rule is the serpent’s original sales pitch, and it has never once delivered: the man who escapes the law of liberty does not walk free, he walks back into the slaver’s house."
books/symbolic-language/19-the-fool-and-the-wise.adoc,52,Hold that,"Hold that, and the parable of the ten virgins opens, for it is built of symbols already defined."
books/symbolic-language/22-the-fear-of-the-lord.adoc,101,Weigh what,Weigh what the feared man actually is:
books/symbolic-language/24-what-is-the-point.adoc,109,mark what,"Now mark what kind of case that is: not a point at all, but a letter — a letter the promise itself guards."
books/symbolic-language/24-what-is-the-point.adoc,123,Mark what,"Mark what the command is for: __“that ye may keep the commandments”__ — the fence against adding exists for the sake of obedience, the same stake this chapter set at its start."
books/symbolic-language/26-noah-uncovered.adoc,84,weigh what,Now weigh what this verse would cost to write.
books/symbolic-language/27-behold-the-hand.adoc,27,Hold that,"Hold that rule, and now spell the Name."
books/symbolic-language/27-behold-the-hand.adoc,77,Mark what,Mark what that path does not do: it breaks no bone.
books/symbolic-language/27-behold-the-hand.adoc,96,Weigh what,"Weigh what this layer is, and what it is not."
books/symbolic-language/28-sun-moon-and-stars.adoc,125,Hold that,Hold that mark: a perfect and complete gift bears *no shadow of turning* — it will divide the true sign from the counterfeit when the counterfeit appears.
books/symbolic-language/28-sun-moon-and-stars.adoc,144,Weigh what,"Weigh what the word testifies: the throne stands to the sun as the *wife* stands to her *husband* — the _ezer ke-negdo_, the helper who is his counterpart and mate."
books/symbolic-language/29-lucifers-declared-plan.adoc,56,Hold that,"Hold that identity, for every line of the plan runs on it."
books/symbolic-language/29-lucifers-declared-plan.adoc,76,load-bearing,"_Moed_ is one of the most load-bearing words in the Torah: the *appointed times* — __“the feasts (_moedim_) of the LORD, which ye shall proclaim to be holy convocations”__ (Leviticus 23:2); the lights of the fourth day were hung __“for signs, and for seasons (_moedim_)”__ (Genesis 1:14); the moon appointed for the seasons (Psalm 104:19); the tabernacle itself is the _ohel moed_, the tent of *meeting* — of the appointed time."
books/symbolic-language/30-the-pearl.adoc,186,Mark what,"Mark what the verse does not say: there is no __“and”__ between the new moon and the full moon — one day, not two."
books/symbolic-language/31-the-sabbath.adoc,98,Now watch,Now watch the count expose a paradox — and mark what its solution must look like.
books/symbolic-language/32-time-tested-tradition.adoc,42,weigh what,"When that testimony is put on the stand, weigh what it actually brings."
books/symbolic-language/34-the-fall-of-babylon.adoc,83,mark what,And mark what an almond *is*: a fruit that is itself a sym:sym-seed[seed] — and __“the seed is the *word of God*”__ (Luke 8:11).
books/symbolic-language/37-the-moment.adoc,112,Mark what,"Mark what actually changes hands in that moment, for it is not what the devil was holding."
books/symbolic-language/38-mountain.adoc,186,through the lens,"Another verse that is poetic on the surface, but carries a far more practical message once you read it through the lens of the Bible’s Symbolic Language:"
books/symbolic-language/38-mountain.adoc,212,bunker,"Then, those who are not caught as fish will be hunted down from among the nations, in every city, and out of every bunker."
books/symbolic-language/38-mountain.adoc,254,whole point,"The contrast is the whole point: AI does not interpret Scripture for us, and it must not be trusted to — but the meaning is already there, recoverable by anyone, or anything, willing to follow the method rather than lean on inherited opinion."
books/symbolic-language/39-sea-and-waters.adoc,18,fluff,We will investigate all of these uses in this chapter and then explore how they can help us gain deeper insights into verses most often read over as mere poetic “fluff”.
books/symbolic-language/39-sea-and-waters.adoc,130,Keep that,Keep that sym:sym-wind[wind] in mind; we will come back to it.
books/symbolic-language/39-sea-and-waters.adoc,132,Now watch,Now watch where kingdoms come from.
books/symbolic-language/39-sea-and-waters.adoc,466,Read that,"Read that slowly: he sat in the sea, and the multitude stood on the land."
books/symbolic-language/42-garments.adoc,59,Mark what,"Mark what follows it, for the garment is a *second* gift, given inside the covenant:"
books/symbolic-language/47-the-other-white-meat.adoc,156,weigh what,Now weigh what the whole case makes of the command itself.
