sym,place,key,order,file,line,text,owner,owner_order,owner_title,in_quote
life,BEFORE_OWNER,CITE_NO_DEF,1.0,01-introduction.adoc,2,"Shortly after feeding the five thousand, Jesus gave a hard teaching in the synagogue at Capernaum (John 6:59): __“Except ye eat the flesh of the Son of man, and drink his",the-way-the-truth-and-the-life,7.0,"The Way, The Truth, and The Life",False
meat,AT_OWNER,CITE_NO_DEF,1.0,01-introduction.adoc,30,"The Bible provides two symbolic words, sym:sym-meat[meat] and sym:sym-milk[milk], to describe its teachings, and if you do not do the work to churn the milk into meat, yo",introduction,1.0,Introduction,False
milk,AT_OWNER,CITE_NO_DEF,1.0,01-introduction.adoc,30,"The Bible provides two symbolic words, sym:sym-meat[meat] and sym:sym-milk[milk], to describe its teachings, and if you do not do the work to churn the milk into meat, yo",introduction,1.0,Introduction,False
lamb,BEFORE_OWNER,KEYED,1.0,01-introduction.adoc,45,"When John cries, __“Behold the sym:sym-lamb[Lamb] of God, which taketh away the sym:sym-sin[sin] of the world”__ (John 1:29), no one reaches for a dictionary.",the-way-the-truth-and-the-life,7.0,"The Way, The Truth, and The Life",False
sin,BEFORE_OWNER,KEYED,1.0,01-introduction.adoc,45,"When John cries, __“Behold the sym:sym-lamb[Lamb] of God, which taketh away the sym:sym-sin[sin] of the world”__ (John 1:29), no one reaches for a dictionary.",path-to-salvation,24.0,"Grace, Mercy, and the Gift of God",False
grass,BEFORE_OWNER,IN_QUOTE_ONLY,1.0,01-introduction.adoc,112,"The sym:sym-grass[grass] withereth, the flower fadeth: but the *word of our God* shall *stand for ever*.",grass,42.0,Grass,True
harlot,BEFORE_OWNER,MARKED_ONLY,1.0,01-introduction.adoc,118,"Some forty writers, across some fifteen centuries, in multiple languages, hold one symbol grammar without a collision — as the chapters ahead will prove: the sym:sym-moun",the-fall-of-babylon,35.0,The Fall of Babylon,False
mountain,BEFORE_OWNER,KEYED_NO_CITE,1.0,01-introduction.adoc,118,"Some forty writers, across some fifteen centuries, in multiple languages, hold one symbol grammar without a collision — as the chapters ahead will prove: the sym:sym-moun",mountain,39.0,Mountain,False
olive,BEFORE_OWNER,MARKED_ONLY,1.0,01-introduction.adoc,118,"Some forty writers, across some fifteen centuries, in multiple languages, hold one symbol grammar without a collision — as the chapters ahead will prove: the sym:sym-moun",trees,41.0,Trees,False
seed,BEFORE_OWNER,KEYED_NO_CITE,1.0,01-introduction.adoc,118,"Some forty writers, across some fifteen centuries, in multiple languages, hold one symbol grammar without a collision — as the chapters ahead will prove: the sym:sym-moun",grass,42.0,Grass,False
wings,BEFORE_OWNER,MARKED_ONLY,1.0,01-introduction.adoc,118,"Some forty writers, across some fifteen centuries, in multiple languages, hold one symbol grammar without a collision — as the chapters ahead will prove: the sym:sym-moun",wings,13.0,Wings,False
truth,BEFORE_OWNER,KEYED,1.0,01-introduction.adoc,208,"Poured into the sym:sym-truth[truth], it takes meat's own shape — which is why milk never contradicts meat.",the-way-the-truth-and-the-life,7.0,"The Way, The Truth, and The Life",False
wind,BEFORE_OWNER,KEYED,1.0,01-introduction.adoc,209,"But poured into a false doctrine it sets just as agreeably, shaped to whatever the hearer wants to hear — __“after their own lusts shall they heap to themselves teachers,",the-four-winds,34.0,The Four Winds,False
bread,BEFORE_OWNER,KEYED,1.0,01-introduction.adoc,223,"Now go back to the synagogue at Capernaum, where this book began — and notice that Jesus began with sym:sym-bread[bread].",orphans-widows-and-the-fatherless,14.0,"Orphans, Widows, and the Fatherless",False
gospel,BEFORE_OWNER,KEYED,1.0,01-introduction.adoc,230,"Beneath the Greek, the Hebrew letters lock the climb in place: flesh is _basar_ (בשר), and _basar_ is also the verb of the good tidings — the sym:sym-gospel[gospel]-word ",gospel,5.0,Gospel,False
belief,BEFORE_OWNER,IN_QUOTE_ONLY,1.0,01-introduction.adoc,241,"The time is fulfilled, and the kingdom of God is at hand: *repent ye, and* sym:sym-belief[believe] the gospel.",knowing-faith-love-and-belief,6.0,"Love, Knowing, Faith, and Belief",True
bramble,AT_OWNER,KEYED,2.0,02-the-parables-of-the-kingdom.adoc,54,"Jeremiah had already preached this parable as a command: __“Break up your *fallow ground*, and sow not among sym:sym-bramble[thorns]”__ — and his very next sentence names",the-parables-of-the-kingdom,2.0,The Parables of the Kingdom,False
foreskin,BEFORE_OWNER,CITE_NO_DEF,2.0,02-the-parables-of-the-kingdom.adoc,54,"Jeremiah had already preached this parable as a command: __“Break up your *fallow ground*, and sow not among sym:sym-bramble[thorns]”__ — and his very next sentence names",foreskin,46.0,The Foreskin,False
fruit,BEFORE_OWNER,IN_QUOTE_ONLY,2.0,02-the-parables-of-the-kingdom.adoc,64,"Israel is an empty sym:sym-olive[vine], he bringeth forth sym:sym-fruit[fruit] unto himself: *according to the multitude of his fruit he hath increased the altars*; accor",trees,41.0,Trees,True
cloud,BEFORE_OWNER,IN_QUOTE_ONLY,2.0,02-the-parables-of-the-kingdom.adoc,80,"And I will lay it waste: it shall not be pruned, nor digged; but there shall come up sym:sym-bramble[briers] *and thorns*: I will also command the sym:sym-cloud[clouds] t",clouds,37.0,Clouds,True
judgment,BEFORE_OWNER,IN_QUOTE_ONLY,2.0,02-the-parables-of-the-kingdom.adoc,87,"For the vineyard of the LORD of hosts *is the house of Israel*, and the men of Judah his pleasant plant: and he looked for sym:sym-judgment[judgment], but behold *oppress",justice-and-judgment,18.0,Justice and Judgment,True
righteousness,BEFORE_OWNER,IN_QUOTE_ONLY,2.0,02-the-parables-of-the-kingdom.adoc,87,"For the vineyard of the LORD of hosts *is the house of Israel*, and the men of Judah his pleasant plant: and he looked for sym:sym-judgment[judgment], but behold *oppress",garments,43.0,Garments & Armor,True
barley,BEFORE_OWNER,CITE_NO_DEF,2.0,02-the-parables-of-the-kingdom.adoc,168,"Job knew the picture of weeds where grain was sown — __“Let sym:sym-bramble[thistles] grow instead of sym:sym-wheat[wheat], and *cockle* instead of sym:sym-barley[barley]",grass,42.0,Grass,False
wheat,BEFORE_OWNER,CITE_NO_DEF,2.0,02-the-parables-of-the-kingdom.adoc,168,"Job knew the picture of weeds where grain was sown — __“Let sym:sym-bramble[thistles] grow instead of sym:sym-wheat[wheat], and *cockle* instead of sym:sym-barley[barley]",grass,42.0,Grass,False
harvest,BEFORE_OWNER,KEYED,2.0,02-the-parables-of-the-kingdom.adoc,170,"The sym:sym-harvest[harvest] the disciples’ Scriptures already knew as the day of reckoning: __“Put ye in the sickle, for the sym:sym-harvest[harvest] is *ripe*”__ (Joel ",grass,42.0,Grass,False
day,BEFORE_OWNER,IN_QUOTE_ONLY,2.0,02-the-parables-of-the-kingdom.adoc,175,"For, behold, the sym:sym-day[day] cometh, that shall burn as an oven; and all the proud, yea, and all that do wickedly, shall be *stubble*: and the day that cometh shall ",light-and-darkness,21.0,"Light and Darkness, Day and Night",True
chaff,BEFORE_OWNER,CITE_NO_DEF,2.0,02-the-parables-of-the-kingdom.adoc,178,"On that day one shall again __“discern between the righteous and the wicked”__ (Malachi 3:18), the ungodly driven __“like the sym:sym-chaff[chaff]”__ (Psalm 1:4).",grass,42.0,Grass,False
tares,BEFORE_OWNER,CITE_NO_DEF,2.0,02-the-parables-of-the-kingdom.adoc,181,"The Teacher's key: the field is the world; the good seed, the children of the kingdom; the sym:sym-tares[tares], __“the children of the *wicked one*”__; the enemy, the de",grass,42.0,Grass,False
branches,BEFORE_OWNER,IN_QUOTE_ONLY,2.0,02-the-parables-of-the-kingdom.adoc,190,"The kingdom of heaven is like to a grain of mustard seed, which a man took, and sowed in his sym:sym-field[field]: which indeed is the *least of all seeds*: but when it i",trees,41.0,Trees,True
field,BEFORE_OWNER,KEYED,2.0,02-the-parables-of-the-kingdom.adoc,190,"The kingdom of heaven is like to a grain of mustard seed, which a man took, and sowed in his sym:sym-field[field]: which indeed is the *least of all seeds*: but when it i",grass,42.0,Grass,True
tree,BEFORE_OWNER,IN_QUOTE_ONLY,2.0,02-the-parables-of-the-kingdom.adoc,190,"The kingdom of heaven is like to a grain of mustard seed, which a man took, and sowed in his sym:sym-field[field]: which indeed is the *least of all seeds*: but when it i",trees,41.0,Trees,True
remnant,BEFORE_OWNER,KEYED,2.0,02-the-parables-of-the-kingdom.adoc,194,"The disciple's Scriptures define the least, and they define it as a compliment: __“The LORD did not set his love upon you, nor choose you, because ye were more in number ",the-remnant,15.0,The Remnant,False
cedar,BEFORE_OWNER,IN_QUOTE_ONLY,2.0,02-the-parables-of-the-kingdom.adoc,200,"I will crop off from the top of his young twigs a *tender one*, and will plant it upon an high sym:sym-mountain[mountain]… and it shall bring forth boughs, and bear sym:s",trees,41.0,Trees,True
shadow,BEFORE_OWNER,IN_QUOTE_ONLY,2.0,02-the-parables-of-the-kingdom.adoc,200,"I will crop off from the top of his young twigs a *tender one*, and will plant it upon an high sym:sym-mountain[mountain]… and it shall bring forth boughs, and bear sym:s",shadow,17.0,Shadow,True
leaven,BEFORE_OWNER,KEYED,2.0,02-the-parables-of-the-kingdom.adoc,221,"The kingdom of heaven is like unto sym:sym-leaven[leaven], which a *woman* took, and *hid* in three measures of *meal*, till the *whole was leavened*.",grass,42.0,Grass,True
voice,BEFORE_OWNER,IN_QUOTE_ONLY,2.0,02-the-parables-of-the-kingdom.adoc,247,"…if ye will obey my sym:sym-voice[voice] indeed, and keep my covenant, then ye shall be a *peculiar treasure* unto me above all people…",knowing-faith-love-and-belief,6.0,"Love, Knowing, Faith, and Belief",True
poor,BEFORE_OWNER,CITE_NO_DEF,2.0,02-the-parables-of-the-kingdom.adoc,257,"The field is the world by the Teacher's own key, and the buyer purchases *all of it* to possess the treasure — a price One alone paid: __“though he was sym:sym-rich[rich]",orphans-widows-and-the-fatherless,14.0,"Orphans, Widows, and the Fatherless",False
rich,BEFORE_OWNER,CITE_NO_DEF,2.0,02-the-parables-of-the-kingdom.adoc,257,"The field is the world by the Teacher's own key, and the buyer purchases *all of it* to possess the treasure — a price One alone paid: __“though he was sym:sym-rich[rich]",orphans-widows-and-the-fatherless,14.0,"Orphans, Widows, and the Fatherless",False
pearl,BEFORE_OWNER,KEYED,2.0,02-the-parables-of-the-kingdom.adoc,268,"Again, the kingdom of heaven is like unto a merchant man, seeking goodly sym:sym-pearl[pearls]: who, when he had found *one pearl of great price*, went and sold all that ",the-pearl,31.0,The Pearls of Wisdom,True
marriage,BEFORE_OWNER,KEYED,2.0,02-the-parables-of-the-kingdom.adoc,272,"The derivation stands on the Old Testament the disciples held. The Hebrew _peninim_, which the KJV prints as __“rubies,”__ is by Strong's own definition __“probably a pea",marriage-and-divorce,12.0,Marriage and Divorce,False
sea,BEFORE_OWNER,KEYED,2.0,02-the-parables-of-the-kingdom.adoc,274,"A pearl is drawn up out of the sym:sym-sea[sea] — the nations, as the net will show in a moment — formed slowly, in hiddenness, around a wound; and the merchant seeking m",sea-and-waters,40.0,Sea & Waters,False
net,BEFORE_OWNER,IN_QUOTE_ONLY,2.0,02-the-parables-of-the-kingdom.adoc,284,"Again, the kingdom of heaven is like unto a sym:sym-net[net], that was cast into the sym:sym-sea[sea], and gathered of *every kind*: which, when it was full, they drew to",sea-and-waters,40.0,Sea & Waters,True
fish,BEFORE_OWNER,IN_QUOTE_ONLY,2.0,02-the-parables-of-the-kingdom.adoc,292,"And makest *men as the* sym:sym-fish[fishes] *of the* sym:sym-sea[sea], as the creeping things, that have no ruler over them?",sea-and-waters,40.0,Sea & Waters,True
sign,BEFORE_OWNER,CITE_NO_DEF,2.0,02-the-parables-of-the-kingdom.adoc,317,"The next day the same crowd hunts Him down, and He tells them what they missed: __“Ye seek me, not because ye saw the sym:sym-sign[signs], but because ye did *eat of the ",signs-and-similitudes,3.0,Signs and Similitudes,False
rock,BEFORE_OWNER,CITE_NO_DEF,3.0,03-signs-and-similitudes.adoc,12,And watch him work the method on text after text: the rock that followed Israel — __“that sym:sym-rock[Rock] was Christ”__ (1 Corinthians 10:4); Adam — __“the figure of h,mountain,39.0,Mountain,False
name,BEFORE_OWNER,IN_QUOTE_ONLY,3.0,03-signs-and-similitudes.adoc,61,"Therefore the Lord himself shall *give you a sign*; Behold, a sym:sym-virgin[virgin] *shall conceive*, and bear a son, and shall call his sym:sym-name[name] Immanuel.",the-name,8.0,The Name,True
virgin,BEFORE_OWNER,IN_QUOTE_ONLY,3.0,03-signs-and-similitudes.adoc,61,"Therefore the Lord himself shall *give you a sign*; Behold, a sym:sym-virgin[virgin] *shall conceive*, and bear a son, and shall call his sym:sym-name[name] Immanuel.",the-fool-and-the-wise,20.0,The Fool and the Wise,True
bow,BEFORE_OWNER,KEYED,3.0,03-signs-and-similitudes.adoc,71,The sym:sym-bow[bow] in the cloud is __“the token of the covenant”__ (Genesis 9:12-13 — a chapter of its own ahead); circumcision is __“the sym:sym-sign[sign]… a sym:sym-,the-bow,44.0,The Bow,False
seal,BEFORE_OWNER,KEYED,3.0,03-signs-and-similitudes.adoc,71,The sym:sym-bow[bow] in the cloud is __“the token of the covenant”__ (Genesis 9:12-13 — a chapter of its own ahead); circumcision is __“the sym:sym-sign[sign]… a sym:sym-,the-seal,10.0,The Seal,False
fornication,BEFORE_OWNER,IN_QUOTE_ONLY,3.0,03-signs-and-similitudes.adoc,102,"Go, take unto thee a sym:sym-harlot[wife] of sym:sym-fornication[whoredoms] and children of whoredoms: for the land hath committed great sym:sym-fornication[whoredom], *d",marriage-and-divorce,12.0,Marriage and Divorce,True
sun,BEFORE_OWNER,KEYED,3.0,03-signs-and-similitudes.adoc,137,"Solomon gives the warrant, and it is the epigraph over this chapter: __“The thing that hath been, it is that which shall be… and there is no new thing under the sym:sym-s",sun-moon-and-stars,29.0,"Sun, Moon, and Stars",False
scarlet,BEFORE_OWNER,KEYED,3.0,03-signs-and-similitudes.adoc,192,A woman in a city devoted to destruction asks the spies for a sign — __“give me a true token”__ (Joshua 2:12) — and the token is __“this line of sym:sym-scarlet[scarlet] ,garments,43.0,Garments & Armor,False
fish-2,AT_OWNER,IN_QUOTE_ONLY,4.0,04-sign-of-jonah.adoc,7,For as Jonas was three days and three nights in the sym:sym-fish-2[whale’s belly]; so shall the Son of man be three days and three nights in the *heart of the earth*.,sign-of-jonah,4.0,The Sign of Jonah,True
nineveh,AT_OWNER,IN_QUOTE_ONLY,4.0,04-sign-of-jonah.adoc,31,"For as Jonas *was a* sym:sym-sign[sign] unto the sym:sym-nineveh[Ninevites], so shall also the Son of man be to this generation.",sign-of-jonah,4.0,The Sign of Jonah,True
flood,BEFORE_OWNER,IN_QUOTE_ONLY,4.0,04-sign-of-jonah.adoc,81,"For thou hadst cast me into the deep, in the *midst* of the sym:sym-sea[seas]; and the sym:sym-flood[floods] compassed me about: all thy sym:sym-sea[billows and thy waves",sea-and-waters,40.0,Sea & Waters,True
fear,BEFORE_OWNER,KEYED,4.0,04-sign-of-jonah.adoc,108,"Jonah confesses his identity plainly: __“I am an Hebrew; and I sym:sym-fear[fear] the LORD, the God of heaven, which hath made the sym:sym-sea[sea] and the dry land”__ (J",the-fear-of-the-lord,23.0,The Fear of the Lord,False
storm,BEFORE_OWNER,IN_QUOTE_ONLY,4.0,04-sign-of-jonah.adoc,120,…cast me forth into the sym:sym-sea[sea]; so shall the sym:sym-sea[sea] be calm unto you: for I know that *for my sake* this great sym:sym-storm[tempest] is upon you.,sea-and-waters,40.0,Sea & Waters,True
dragon,AT_OWNER,KEYED,4.0,04-sign-of-jonah.adoc,150,"Nebuchadrezzar the king of Babylon hath *devoured* me… he hath *swallowed me up* like a sym:sym-dragon[dragon], he hath *filled his belly* with my delicates, he hath *cas",sign-of-jonah,4.0,The Sign of Jonah,True
egypt,BEFORE_OWNER,KEYED,4.0,04-sign-of-jonah.adoc,162,"…the great city, which spiritually is called Sodom and sym:sym-egypt[Egypt], *where also our Lord was crucified*.",the-fall-of-babylon,35.0,The Fall of Babylon,True
babel,BEFORE_OWNER,KEYED,4.0,04-sign-of-jonah.adoc,208,sym:sym-babel[Babylon] is cast into the sea and __“shall not rise”__ (Jeremiah 51:64); Jonah is cast into the same sea — and rises.,the-bow,44.0,The Bow,False
year,BEFORE_OWNER,KEYED,4.0,04-sign-of-jonah.adoc,238,Scripture supplies the scale for such days: __“one sym:sym-day[day] is with the Lord as a thousand sym:sym-year[years]”__ (2 Peter 3:8; so too Psalm 90:4) — three days’ j,daniel-unsealed,36.0,Daniel Unsealed,False
peace,AT_OWNER,CITE_NO_DEF,5.0,05-gospel.adoc,31,| the gospel of sym:sym-peace[peace] | 2,gospel,5.0,Gospel,False
liberty,BEFORE_OWNER,KEYED,5.0,05-gospel.adoc,86,"The Spirit of the Lord is upon me, because he hath anointed me to *preach the* sym:sym-gospel[gospel] *to the* sym:sym-poor[poor]; he hath sent me to heal the brokenheart",liberty,19.0,Liberty,True
faith,BEFORE_OWNER,IN_QUOTE_ONLY,5.0,05-gospel.adoc,113,"For unto us was the sym:sym-gospel[gospel] *preached*, as well as unto them: but the word preached did not profit them, not being mixed with sym:sym-faith[faith] in them ",knowing-faith-love-and-belief,6.0,"Love, Knowing, Faith, and Belief",True
worship,BEFORE_OWNER,KEYED_NO_CITE,5.0,05-gospel.adoc,140,"And I saw another angel fly in the midst of heaven, having the *everlasting* sym:sym-gospel[gospel] to preach unto them that dwell on the earth, and to every nation, and ",worship,22.0,Worship,True
way,BEFORE_OWNER,IN_QUOTE_ONLY,5.0,05-gospel.adoc,195,"…Come ye, and let us go up to the sym:sym-mountain[mountain] of the LORD, to the house of the God of Jacob; and he will teach us of his sym:sym-way[ways], and we will wal",the-way-the-truth-and-the-life,7.0,"The Way, The Truth, and The Life",True
knowing,AT_OWNER,IN_QUOTE_ONLY,6.0,06-knowing-faith-love-and-belief.adoc,68,"And though I have the gift of prophecy, and sym:sym-understanding[understand] all mysteries and all sym:sym-knowing[knowledge], and though I have all sym:sym-faith[faith]",knowing-faith-love-and-belief,6.0,"Love, Knowing, Faith, and Belief",True
understanding,BEFORE_OWNER,IN_QUOTE_ONLY,6.0,06-knowing-faith-love-and-belief.adoc,68,"And though I have the gift of prophecy, and sym:sym-understanding[understand] all mysteries and all sym:sym-knowing[knowledge], and though I have all sym:sym-faith[faith]",the-fool-and-the-wise,20.0,The Fool and the Wise,True
stranger,BEFORE_OWNER,FORWARD_WITH_CITE,6.0,06-knowing-faith-love-and-belief.adoc,145,To be unknown by God is to be what Scripture calls the one not known — a sym:sym-stranger[stranger]; so the whole sentence reads __“I never knew you: depart from me”__ — ,orphans-widows-and-the-fatherless,14.0,"Orphans, Widows, and the Fatherless",False
sheep,AT_OWNER,KEYED,6.0,06-knowing-faith-love-and-belief.adoc,170,Put the symbols together and the Shepherd says it whole. __“My sym:sym-sheep[sheep] hear my sym:sym-voice[voice]… and they follow me”__ (John 10:27): the sheep are His pe,knowing-faith-love-and-belief,6.0,"Love, Knowing, Faith, and Belief",False
new,AT_OWNER,KEYED,6.0,06-knowing-faith-love-and-belief.adoc,172,"To the one who overcomes He gives __“a sym:sym-new[new] sym:sym-name[name] written, which no man knoweth saving he that receiveth it”__ (Revelation 2:17) — _known_ only b",knowing-faith-love-and-belief,6.0,"Love, Knowing, Faith, and Belief",False
heaven,BEFORE_OWNER,KEYED,7.0,07-the-way-the-truth-and-the-life.adoc,13,"In Scripture the hope was never to climb up to sym:sym-heaven[heaven] but for heaven to come down to earth — the holy city descending, God dwelling with men (Revelation 2",heaven-and-hell,16.0,Heaven and Hell,False
justice,BEFORE_OWNER,IN_QUOTE_ONLY,7.0,07-the-way-the-truth-and-the-life.adoc,26,"…they shall keep *the way of the LORD*, to do sym:sym-justice[justice] and sym:sym-judgment[judgment]…",justice-and-judgment,18.0,Justice and Judgment,True
door,AT_OWNER,IN_QUOTE_ONLY,7.0,07-the-way-the-truth-and-the-life.adoc,36,"…wide is the sym:sym-door[gate], and broad is *the way*, that leadeth to *destruction*… narrow is *the way*, which *leadeth unto life*, and few there be that find it.",the-way-the-truth-and-the-life,7.0,"The Way, The Truth, and The Life",True
light,BEFORE_OWNER,KEYED,7.0,07-the-way-the-truth-and-the-life.adoc,84,In him was life; and *the life* was the sym:sym-light[light] of men.,light-and-darkness,21.0,"Light and Darkness, Day and Night",True
wisdom,BEFORE_OWNER,KEYED,7.0,07-the-way-the-truth-and-the-life.adoc,98,"Two symbols compound in that phrase: the tree is a nation, and the life is the covenant-existence just defined — so the tree of life is the living nation, the community w",the-fool-and-the-wise,20.0,The Fool and the Wise,False
fool,BEFORE_OWNER,IN_QUOTE_ONLY,7.0,07-the-way-the-truth-and-the-life.adoc,114,"And an sym:sym-highway[highway] shall be there, and a *way*, and it shall be called *The way of holiness*; the unclean shall not pass over it; but it shall be for those: ",the-fool-and-the-wise,20.0,The Fool and the Wise,True
highway,AT_OWNER,KEYED,7.0,07-the-way-the-truth-and-the-life.adoc,114,"And an sym:sym-highway[highway] shall be there, and a *way*, and it shall be called *The way of holiness*; the unclean shall not pass over it; but it shall be for those: ",the-way-the-truth-and-the-life,7.0,"The Way, The Truth, and The Life",True
beast,BEFORE_OWNER,KEYED,7.0,07-the-way-the-truth-and-the-life.adoc,115,"No sym:sym-lion[lion] shall be there, nor any ravenous sym:sym-beast[beast] shall go up thereon, it shall not be found there; but *the redeemed shall walk there*.",trees,41.0,Trees,True
lion,AT_OWNER,KEYED,7.0,07-the-way-the-truth-and-the-life.adoc,115,"No sym:sym-lion[lion] shall be there, nor any ravenous sym:sym-beast[beast] shall go up thereon, it shall not be found there; but *the redeemed shall walk there*.",the-way-the-truth-and-the-life,7.0,"The Way, The Truth, and The Life",True
garment,BEFORE_OWNER,KEYED,7.0,07-the-way-the-truth-and-the-life.adoc,135,"Yet one guest is found there __“which had not on a wedding sym:sym-garment[garment]”__ (Matthew 22:11), and is cast out: to be _on_ the highway is not enough; the _way_ —",garments,43.0,Garments & Armor,False
instruction,BEFORE_OWNER,IN_QUOTE_ONLY,7.0,07-the-way-the-truth-and-the-life.adoc,172,For the *commandment* is a sym:sym-lamp[lamp]; and the *law* is sym:sym-light[light]; and reproofs of sym:sym-instruction[instruction] are the *way of life*.,the-fool-and-the-wise,20.0,The Fool and the Wise,True
lamp,BEFORE_OWNER,IN_QUOTE_ONLY,7.0,07-the-way-the-truth-and-the-life.adoc,172,For the *commandment* is a sym:sym-lamp[lamp]; and the *law* is sym:sym-light[light]; and reproofs of sym:sym-instruction[instruction] are the *way of life*.,light-and-darkness,21.0,"Light and Darkness, Day and Night",True
sword,BEFORE_OWNER,KEYED,7.0,07-the-way-the-truth-and-the-life.adoc,180,There a __“flaming sym:sym-sword[sword]”__ was set __“to keep the way of the sym:sym-tree[tree] of sym:sym-life[life]”__ (Genesis 3:24).,the-four-winds,34.0,The Four Winds,False
stone,BEFORE_OWNER,KEYED,8.0,08-the-name.adoc,96,"And in covenant: the Son of David builds the house the first two only sketched — __“Destroy this temple, and in three days I will raise it up… he spake of the *temple of ",mountain,39.0,Mountain,False
widow,BEFORE_OWNER,CITE_NO_DEF,8.0,08-the-name.adoc,257,And the true Husband gives His sym:sym-widow[widowed] people exactly link:/books/symbolic-language/orphans-widows-and-the-fatherless/[the two things these women decline] ,orphans-widows-and-the-fatherless,14.0,"Orphans, Widows, and the Fatherless",False
naked,BEFORE_OWNER,IN_QUOTE_ONLY,8.0,08-the-name.adoc,271,"Now when I passed by thee, and looked upon thee, behold, thy time was the time of love; and I *spread my skirt* over thee, and covered thy sym:sym-naked[nakedness]: yea, ",garments,43.0,Garments & Armor,True
tzitzit,BEFORE_OWNER,CITE_NO_DEF,8.0,08-the-name.adoc,276,"To take the husband’s name is to come under the husband’s wing — and the wing’s corners carry the sym:sym-tzitzit[tassels], bound there so that the wearer remembers all t",wings,13.0,Wings,False
love,AFTER_OWNER,KEYED,9.0,09-the-disciple.adoc,26,"These are gates, not growth curves — and inside the gates He named the marks: __“If ye *continue in my word*, then are ye my disciples *indeed*”__ (John 8:31); __“By this",knowing-faith-love-and-belief,6.0,"Love, Knowing, Faith, and Belief",False
moment,BEFORE_OWNER,IN_QUOTE_ONLY,12.0,12-marriage-and-divorce.adoc,204,For a small sym:sym-moment[moment] have I forsaken thee; but with great mercies will I *gather* thee.,the-moment,38.0,The Moment,True
fatherless,BEFORE_OWNER,CITE_NO_DEF,13.0,13-wings.adoc,189,"The forgotten sheaf and the field’s corner are not the owner’s; they belong __“for the sym:sym-stranger[stranger], for the sym:sym-fatherless[fatherless], and for the sym",orphans-widows-and-the-fatherless,14.0,"Orphans, Widows, and the Fatherless",False
divorce,AFTER_OWNER,IN_QUOTE_ONLY,14.0,14-orphans-widows-and-the-fatherless.adoc,16,"…Where is the bill of your mother’s sym:sym-divorce[divorcement], whom I have *put away*?… for your iniquities have ye sold yourselves…",marriage-and-divorce,12.0,Marriage and Divorce,True
sand,BEFORE_OWNER,KEYED,15.0,15-the-remnant.adoc,80,__“At this present time also”__ — Elijah's ratio is declared the standing pattern; and Paul had already set the two quantities side by side from Isaiah: __“Though the num,sea-and-waters,40.0,Sea & Waters,False
israel,BEFORE_OWNER,CITE_NO_DEF,15.0,15-the-remnant.adoc,205,"And Moses had said it from the beginning, without a figure at all: __“The LORD did not set his love upon you… because ye were more in number than any people; for ye were ",jacob-israel-and-ephraim,45.0,"Jacob, Israel, and Ephraim",False
moon,BEFORE_OWNER,KEYED,16.0,16-heaven-and-hell.adoc,29,"This is the heaven the fourth day furnished: the sym:sym-sun[sun], sym:sym-moon[moon], and sym:sym-stars[stars] were *set in* it to govern (Genesis 1:16-18) — the offices",sun-moon-and-stars,29.0,"Sun, Moon, and Stars",False
stars,BEFORE_OWNER,FORWARD_WITH_CITE,16.0,16-heaven-and-hell.adoc,29,"This is the heaven the fourth day furnished: the sym:sym-sun[sun], sym:sym-moon[moon], and sym:sym-stars[stars] were *set in* it to govern (Genesis 1:16-18) — the offices",sun-moon-and-stars,29.0,"Sun, Moon, and Stars",False
sheol,AT_OWNER,KEYED,16.0,16-heaven-and-hell.adoc,73,"It is the grave, the sym:sym-sheol[demanding place], for the word grows from _sha'al_, *to ask, to demand*: __“Hell and destruction are *never full*”__ (Proverbs 27:20); ",heaven-and-hell,16.0,Heaven and Hell,False
gehenna,AFTER_OWNER,KEYED_NO_CITE,16.5,16x-weeping-and-gnashing.adoc,78,"Outer darkness, the furnace of fire, the portion with the hypocrites, sym:sym-gehenna[Gehinnom], lowest sym:sym-hell[Sheol] — five names, one scene, and every Hebrew name",heaven-and-hell,16.0,Heaven and Hell,False
hell,AFTER_OWNER,KEYED_NO_CITE,16.5,16x-weeping-and-gnashing.adoc,78,"Outer darkness, the furnace of fire, the portion with the hypocrites, sym:sym-gehenna[Gehinnom], lowest sym:sym-hell[Sheol] — five names, one scene, and every Hebrew name",heaven-and-hell,16.0,Heaven and Hell,False
new-moon,BEFORE_OWNER,CITE_NO_DEF,17.0,17-shadow.adoc,146,"Its command is __“let no man *judge you*”__ — protection for those keeping the holyday, the sym:sym-new-moon[new moon], and the sabbaths, not a sentence against them; the",the-pearl,31.0,The Pearls of Wisdom,False
darkness,BEFORE_OWNER,CITE_NO_DEF,17.0,17-shadow.adoc,172,"God __“turneth the shadow of death into the morning”__ (Amos 5:8); He __“brought them out of sym:sym-darkness[darkness] and the shadow of death, and brake their bands in ",light-and-darkness,21.0,"Light and Darkness, Day and Night",False
island,BEFORE_OWNER,CITE_NO_DEF,18.0,18-justice-and-judgment.adoc,98,"Isaiah had said the Messiah would come for precisely this, in parallel columns that seal the word’s meaning: __“he shall bring forth *judgment* to the Gentiles… till he h",sea-and-waters,40.0,Sea & Waters,False
wise,BEFORE_OWNER,FORWARD_ONLY,19.0,19-liberty.adoc,153,"And whether a man, once freed, will hear and serve is the whole difference between the sym:sym-fool[fool] and the sym:sym-wise[wise] — the next chapter.",the-fool-and-the-wise,20.0,The Fool and the Wise,False
oil,AFTER_OWNER,MARKED_ONLY,21.0,21-light-and-darkness.adoc,2,"The lamp needs sym:sym-oil[oil] to burn, and the burning oil makes light.",the-fool-and-the-wise,20.0,The Fool and the Wise,False
feet,BEFORE_OWNER,KEYED,21.0,21-light-and-darkness.adoc,13,"The word lit the path before David’s feet — __“Thy word is a sym:sym-lamp[lamp] unto my sym:sym-feet[feet], and a light unto my path”__ (Psalm 119:105) — and the prophet ",garments,43.0,Garments & Armor,False
heart,AFTER_OWNER,IN_QUOTE_ONLY,24.0,24-path-to-salvation.adoc,214,"That if you confess with your mouth, “Jesus is Lord,” and sym:sym-belief[believe] in your sym:sym-heart[heart] that God raised Him from the dead, you will be saved.",sign-of-jonah,4.0,The Sign of Jonah,True
assembly,AT_OWNER,IN_QUOTE_ONLY,25.0,25-what-is-the-point.adoc,87,For sym:sym-dog[dogs] have compassed me: the sym:sym-assembly[assembly of the wicked] have inclosed me: they *pierced* my hands and my feet.,what-is-the-point,25.0,What Is the Point?,True
dog,BEFORE_OWNER,IN_QUOTE_ONLY,25.0,25-what-is-the-point.adoc,87,For sym:sym-dog[dogs] have compassed me: the sym:sym-assembly[assembly of the wicked] have inclosed me: they *pierced* my hands and my feet.,trees,41.0,Trees,True
horse,BEFORE_OWNER,IN_QUOTE_ONLY,26.0,26-spoken-once-heard-twice.adoc,67,"A sym:sym-sword[sword] is upon their sym:sym-horse[horses], and upon their chariots, and upon all the mingled people that are in the midst of her; and they shall become a",the-four-winds,34.0,The Four Winds,True
night,AFTER_OWNER,KEYED,29.0,29-sun-moon-and-stars.adoc,3,"All of creation testifies, and Scripture provides the key that unlocks the symbolic meaning of the sun, the moon, and the stars; with their meaning unlocked, we can come ",light-and-darkness,21.0,"Light and Darkness, Day and Night",False
faithful-witness,AT_OWNER,IN_QUOTE_ONLY,29.0,29-sun-moon-and-stars.adoc,127,"It shall be established for ever as the sym:sym-moon[moon], and as a sym:sym-faithful-witness[faithful witness] in heaven.",sun-moon-and-stars,29.0,"Sun, Moon, and Stars",True
elders,AT_OWNER,CITE_NO_DEF,29.0,29-sun-moon-and-stars.adoc,292,"Jesus assigned twelve of the seats — __“ye also shall sit upon *twelve thrones*, judging the twelve tribes of Israel”__ (Matthew 19:28); John saw the bench filled — __“ro",sun-moon-and-stars,29.0,"Sun, Moon, and Stars",False
eye,AT_OWNER,KEYED,29.0,29-sun-moon-and-stars.adoc,317,"…and round about the throne, were four beasts *full of* sym:sym-eye[eyes] before and behind.",sun-moon-and-stars,29.0,"Sun, Moon, and Stars",True
north,BEFORE_OWNER,IN_QUOTE_ONLY,30.0,30-lucifers-declared-plan.adoc,8,"For thou hast said in thine heart, I will ascend into heaven, I will exalt my *throne* above the sym:sym-stars[*stars of God*]: I will sit also upon the sym:sym-mountain[",the-fall-of-babylon,35.0,The Fall of Babylon,True
east,BEFORE_OWNER,CITE_NO_DEF,31.0,31-the-pearl.adoc,205,"The sky is built like a sanctuary — the tabernacle Psalm 19 pitched for the sun — and its front, like the tabernacle's, faces the sunrise, the sym:sym-east[east].",the-fall-of-babylon,35.0,The Fall of Babylon,False
cast-into-sea,AT_OWNER,FORWARD_WITH_CITE,35.0,35-the-fall-of-babylon.adoc,139,"This is a phrase-symbol in its own right — sym:sym-cast-into-sea[cast into the sea], a ruling power sunk into the sea of peoples, never to surface; the Sea study in Part ",the-fall-of-babylon,35.0,The Fall of Babylon,False
week,AT_OWNER,KEYED_NO_CITE,36.0,36-daniel-unsealed.adoc,43,"Seventy sym:sym-week[weeks] are determined upon thy people and upon thy holy city, to finish the transgression, and to *make an end of* sym:sym-sin[sins], and to make rec",daniel-unsealed,36.0,Daniel Unsealed,True
image,AT_OWNER,IN_QUOTE_ONLY,39.0,39-mountain.adoc,20,And the sym:sym-stone[stone] that struck the sym:sym-image[image] became a *great mountain* and *filled the whole earth*.,mountain,39.0,Mountain,True
living,BEFORE_OWNER,FORWARD_ONLY,39.0,39-mountain.adoc,88,"In a later chapter I will show the evidence that sym:sym-sea[sea] is a symbol that means the masses of people, the population of the earth, and that sym:sym-living[living",the-bow,44.0,The Bow,False
fig,BEFORE_OWNER,IN_QUOTE_ONLY,39.0,39-mountain.adoc,103,"So Jesus answered and said to them, “Assuredly, I say to you, if you have sym:sym-faith[faith] and do not doubt, you will not only do what was done to the sym:sym-fig[*fi",garments,43.0,Garments & Armor,True
lost,BEFORE_OWNER,IN_QUOTE_ONLY,39.0,39-mountain.adoc,180,"My people have been sym:sym-lost[lost sheep]; their *shepherds* have led them astray, in the *mountains* they have turned them away. *From mountain to hill* they have gon",jacob-israel-and-ephraim,45.0,"Jacob, Israel, and Ephraim",True
valley,AT_OWNER,KEYED_NO_CITE,39.0,39-mountain.adoc,188,"Every sym:sym-valley[valley] shall be exalted, and every *mountain and hill* shall be made low.",mountain,39.0,Mountain,True
four,AFTER_OWNER,IN_QUOTE_ONLY,40.0,40-sea-and-waters.adoc,126,…the sym:sym-four[four winds] of the heaven strove upon the great sym:sym-sea[sea].,the-four-winds,34.0,The Four Winds,True
serpent,AT_OWNER,IN_QUOTE_ONLY,40.0,40-sea-and-waters.adoc,192,"And the sym:sym-serpent[serpent] cast out of his mouth sym:sym-flood[water as a flood] after the woman… And the earth helped the woman, and the earth opened her mouth, an",sea-and-waters,40.0,Sea & Waters,True
living-2,AT_OWNER,FORWARD_WITH_CITE,40.0,40-sea-and-waters.adoc,616,"The gathered, salt, restless waters are the peoples; but __“living water”__ — water that springs and flows from God (__“the fountain of sym:sym-living-2[living waters],”_",sea-and-waters,40.0,Sea & Waters,False
wall,AT_OWNER,IN_QUOTE_ONLY,41.5,41x-the-parable-of-the-vineyard.adoc,31,"Violence shall no more be heard in thy land, wasting nor destruction within thy borders; but thou shalt call thy sym:sym-wall[walls] *Salvation*, and thy gates Praise.",the-parable-of-the-vineyard,41.5,The Parable of the Vineyard,True
tower,AT_OWNER,KEYED,41.5,41x-the-parable-of-the-vineyard.adoc,44,A sym:sym-tower[tower] is what a name builds.,the-parable-of-the-vineyard,41.5,The Parable of the Vineyard,False
winepress,AT_OWNER,CITE_NO_DEF,41.5,41x-the-parable-of-the-vineyard.adoc,55,"The owner fenced the vineyard, cleared its stones, planted the choicest vine, raised the tower — __“and also *hewed out* a sym:sym-winepress[winepress] therein: and he *l",the-parable-of-the-vineyard,41.5,The Parable of the Vineyard,False
grapes,AT_OWNER,KEYED,41.5,41x-the-parable-of-the-vineyard.adoc,59,"The crop takes one step more: when God comes looking for sym:sym-grapes[grapes], what He finds — or misses — is men.",the-parable-of-the-vineyard,41.5,The Parable of the Vineyard,False
elam,AT_OWNER,KEYED,44.0,44-the-bow.adoc,24,"It is a kingdom’s _might_: __“the bow of sym:sym-elam[Elam], the chief of their might”__ (Jeremiah 49:35).",the-bow,44.0,The Bow,False
ephraim,BEFORE_OWNER,KEYED,44.0,44-the-bow.adoc,56,"And when God draws, look what fills His hand: __“I have *bent Judah* for me, *filled the bow with* sym:sym-ephraim[Ephraim]”__ (Zechariah 9:13) — the covenant is the weap",jacob-israel-and-ephraim,45.0,"Jacob, Israel, and Ephraim",False
butter,AT_OWNER,IN_QUOTE_ONLY,47.0,47-butter.adoc,13,…for the abundance of sym:sym-milk[milk] that they shall give he shall eat sym:sym-butter[butter]: for butter and honey shall every one eat *that is left in the land*.,butter,47.0,Butter,True
garden,AFTER_OWNER,KEYED,48.0,48-the-other-white-meat.adoc,117,"They that *sanctify themselves*, and purify themselves in the sym:sym-garden[gardens] behind one sym:sym-tree[tree] in the midst, eating *swine's flesh*, and the abominat",trees,41.0,Trees,True
